web-scraper-order,web-scraper-start-url,listing_link,listing_link-href,price,Address,bedrooms,bathrooms,Squarefeet,datesold
1680469672-4,"https://www.zillow.com/homes/Wauwatosa,-WI_rb/",,https://www.zillow.com/homedetails/2336-N-84th-St-Wauwatosa-WI-53226/110711841_zpid/,": $329,900","2336 North 84th St, Wauwatosa, WI 53226",3 bd,2 ba,"1,894 sqft","Sold: $329,900Sold on 02/28/23Zestimate®: $336,700"
1680469677-5,"https://www.zillow.com/homes/Wauwatosa,-WI_rb/",,https://www.zillow.com/homedetails/2525-N-90th-St-Wauwatosa-WI-53226/110702716_zpid/,": $650,000","2525 North 90th St, Wauwatosa, WI 53226",4 bd,3 ba,"2,825 sqft","Sold: $650,000Sold on 02/28/23Zestimate®: $662,600"
1680469682-6,"https://www.zillow.com/homes/Wauwatosa,-WI_rb/",,https://www.zillow.com/homedetails/2519-N-70th-St-Wauwatosa-WI-53213/98343540_zpid/,": $245,000","2519 North 70th St, Wauwatosa, WI 53213",4 bd,1 ba,"1,424 sqft","Sold: $245,000Sold on 02/28/23Zestimate®: $245,000"
1680469687-7,"https://www.zillow.com/homes/Wauwatosa,-WI_rb/",,https://www.zillow.com/homedetails/1623-Alta-Vista-Ave-Wauwatosa-WI-53213/110716726_zpid/,": $647,000","1623 Alta Vista Ave, Wauwatosa, WI 53213",3 bd,3 ba,"2,780 sqft","Sold: $647,000Sold on 03/01/23Zestimate®: $644,900"
1680469692-8,"https://www.zillow.com/homes/Wauwatosa,-WI_rb/",,https://www.zillow.com/homedetails/10015-W-Glendale-Ave-Wauwatosa-WI-53225/110713561_zpid/,": $300,000","10015 West Glendale Ave, Wauwatosa, WI 53225",3 bd,1 ba,"1,550 sqft","Sold: $300,000Sold on 03/01/23Zestimate®: $305,600"
1680469697-9,"https://www.zillow.com/homes/Wauwatosa,-WI_rb/",,https://www.zillow.com/homedetails/2738-N-117th-Pl-Wauwatosa-WI-53222/110741452_zpid/,": $643,000","2738 North 117th Pl, Wauwatosa, WI 53222",4 bd,3 ba,"3,292 sqft","Sold: $643,000Sold on 03/02/23Zestimate®: $655,500"
1680469703-10,"https://www.zillow.com/homes/Wauwatosa,-WI_rb/",,https://www.zillow.com/homedetails/2641-N-80th-St-Wauwatosa-WI-53213/110715770_zpid/,": $275,000","2641 North 80th St, Wauwatosa, WI 53213",3 bd,2 ba,"1,402 sqft","Sold: $275,000Sold on 03/02/23Zestimate®: $280,300"
1680469709-11,"https://www.zillow.com/homes/Wauwatosa,-WI_rb/",,https://www.zillow.com/homedetails/10502-W-Michigan-St-Wauwatosa-WI-53226/110754611_zpid/,": $420,000","10502 West Michigan St, Wauwatosa, WI 53226",4 bd,2 ba,"1,885 sqft","Sold: $420,000Sold on 03/03/23Zestimate®: $386,500"
1680469716-12,"https://www.zillow.com/homes/Wauwatosa,-WI_rb/",,https://www.zillow.com/homedetails/314-N-68th-St-Wauwatosa-WI-53213/110728764_zpid/,": $195,000","314 North 68th St, Wauwatosa, WI 53213",2 bd,1 ba,933 sqft,"Sold: $195,000Sold on 03/06/23Zestimate®: $198,300"
1680469737-13,"https://www.zillow.com/homes/Wauwatosa,-WI_rb/",,https://www.zillow.com/homedetails/7726-Livingston-Ave-Wauwatosa-WI-53213/98331723_zpid/,": $315,000","7726 Livingston Ave, Wauwatosa, WI 53213",3 bd,2 ba,"1,371 sqft","Sold: $315,000Sold on 03/07/23Zestimate®: $320,100"
1680469742-14,"https://www.zillow.com/homes/Wauwatosa,-WI_rb/",,https://www.zillow.com/homedetails/3259-N-Knoll-Blvd-Wauwatosa-WI-53222/110754677_zpid/,": $205,000","3259 North Knoll Blvd, Wauwatosa, WI 53222",2 bd,1 ba,906 sqft,"Sold: $205,000Sold on 03/08/23Zestimate®: $207,000"
1680469748-15,"https://www.zillow.com/homes/Wauwatosa,-WI_rb/",,https://www.zillow.com/homedetails/2270-N-61st-St-Wauwatosa-WI-53213/110742917_zpid/,": $250,000","2270 North 61st ST, Wauwatosa, WI 53213",4 bd,2 ba,"1,673 sqft","Sold: $250,000Sold on 03/10/23Zestimate®: $268,800"
1680469753-16,"https://www.zillow.com/homes/Wauwatosa,-WI_rb/",,https://www.zillow.com/homedetails/2119-N-63rd-St-Wauwatosa-WI-53213/110730075_zpid/,": $440,000","2119 North 63rd ST, Wauwatosa, WI 53213",3 bd,3 ba,"2,599 sqft","Sold: $440,000Sold on 03/10/23Zestimate®: $446,200"
1680469761-17,"https://www.zillow.com/homes/Wauwatosa,-WI_rb/",,https://www.zillow.com/homedetails/12121-W-Ripley-Ave-Wauwatosa-WI-53226/110721982_zpid/,": $295,000","12121 West Ripley AVE, Wauwatosa, WI 53226",3 bd,2 ba,"1,274 sqft","Sold: $295,000Sold on 03/10/23Zestimate®: $298,500"
1680469767-18,"https://www.zillow.com/homes/Wauwatosa,-WI_rb/",,https://www.zillow.com/homedetails/10827-W-Derby-Ave-Wauwatosa-WI-53225/110743732_zpid/,": $340,000","10827 West Derby Ave, Wauwatosa, WI 53225",3 bd,2 ba,"1,820 sqft","Sold: $340,000Sold on 03/13/23Zestimate®: $344,100"
1680469774-19,"https://www.zillow.com/homes/Wauwatosa,-WI_rb/",,https://www.zillow.com/homedetails/7504-Lincoln-Pl-Wauwatosa-WI-53213/110701750_zpid/,": $260,500","7504 Lincoln PL, Wauwatosa, WI 53213",4 bd,2 ba,"1,360 sqft","Sold: $260,500Sold on 03/14/23Zestimate®: $263,500"
1680469780-20,"https://www.zillow.com/homes/Wauwatosa,-WI_rb/",,https://www.zillow.com/homedetails/2340-N-90th-St-Wauwatosa-WI-53226/110716903_zpid/,": $470,000","2340 North 90th ST, Wauwatosa, WI 53226",3 bd,2 ba,"1,839 sqft","Sold: $470,000Sold on 03/16/23Zestimate®: $474,700"
1680469787-21,"https://www.zillow.com/homes/Wauwatosa,-WI_rb/",,https://www.zillow.com/homedetails/2420-N-84th-St-Wauwatosa-WI-53226/110700040_zpid/,": $372,500","2420 North 84th ST, Wauwatosa, WI 53226",4 bd,2 ba,"1,751 sqft","Sold: $372,500Sold on 03/16/23Zestimate®: $376,200"
1680469792-22,"https://www.zillow.com/homes/Wauwatosa,-WI_rb/",,https://www.zillow.com/homedetails/1558-N-123rd-St-Wauwatosa-WI-53226/110749575_zpid/,": $450,000","1558 North 123rd ST, Wauwatosa, WI 53226",3 bd,2 ba,"1,657 sqft","Sold: $450,000Sold on 03/17/23Zestimate®: $454,200"
1680469798-23,"https://www.zillow.com/homes/Wauwatosa,-WI_rb/",,https://www.zillow.com/homedetails/2551-N-95th-St-Wauwatosa-WI-53226/110722546_zpid/,": $450,000","2551 North 95th ST, Wauwatosa, WI 53226",4 bd,3 ba,"2,230 sqft","Sold: $450,000Sold on 03/17/23Zestimate®: $454,200"
1680469806-24,"https://www.zillow.com/homes/Wauwatosa,-WI_rb/",,https://www.zillow.com/homedetails/12223-Woodside-Ct-Wauwatosa-WI-53226/110701127_zpid/,": $410,000","12223 Woodside CT, Wauwatosa, WI 53226",3 bd,3 ba,"1,752 sqft","Sold: $410,000Sold on 03/17/23Zestimate®: $413,800"
1680469811-25,"https://www.zillow.com/homes/Wauwatosa,-WI_rb/",,https://www.zillow.com/homedetails/225-N-110th-St-Wauwatosa-WI-53226/95285409_zpid/,": $337,000","225 North 110th ST, Wauwatosa, WI 53226",3 bd,2 ba,"1,678 sqft","Sold: $337,000Sold on 03/20/23Zestimate®: $339,500"
1680469818-26,"https://www.zillow.com/homes/Wauwatosa,-WI_rb/",,https://www.zillow.com/homedetails/1550-N-123rd-St-Wauwatosa-WI-53226/110759169_zpid/,": $425,000","1550 North 123rd ST, Wauwatosa, WI 53226",2 bd,3 ba,"1,702 sqft","Sold: $425,000Sold on 03/22/23Zestimate®: $427,500"
1680469826-27,"https://www.zillow.com/homes/Wauwatosa,-WI_rb/",,https://www.zillow.com/homedetails/311-N-111th-St-Wauwatosa-WI-53226/110743288_zpid/,": $265,000","311 North 111th ST, Wauwatosa, WI 53226",4 bd,2 ba,"1,448 sqft","Sold: $265,000Sold on 03/22/23Zestimate®: $266,600"
1680469832-28,"https://www.zillow.com/homes/Wauwatosa,-WI_rb/",,https://www.zillow.com/homedetails/7424-Maple-Ter-Wauwatosa-WI-53213/110737828_zpid/,": $1,200,000","7424 Maple TER, Wauwatosa, WI 53213",6 bd,5 ba,"4,631 sqft","Sold: $1,200,000Sold on 03/22/23Zestimate®: $1,207,200"
1680469840-29,"https://www.zillow.com/homes/Wauwatosa,-WI_rb/",,https://www.zillow.com/homedetails/9504-W-Palmetto-Ave-Wauwatosa-WI-53222/110740730_zpid/,": $243,000","9504 West Palmetto AVE, Wauwatosa, WI 53222",2 bd,1 ba,"1,521 sqft","Sold: $243,000Sold on 03/24/23Zestimate®: $243,500"
1680469846-30,"https://www.zillow.com/homes/Wauwatosa,-WI_rb/",,https://www.zillow.com/homedetails/2414-N-65th-St-Wauwatosa-WI-53213/110722450_zpid/,": $375,000","2414 North 65th ST, Wauwatosa, WI 53213",4 bd,2 ba,"1,556 sqft","Sold: $375,000Sold on 03/24/23Zestimate®: $375,700"
1680469850-31,"https://www.zillow.com/homes/Wauwatosa,-WI_rb/",,https://www.zillow.com/homedetails/6418-W-Wright-St-Wauwatosa-WI-53213/110702393_zpid/,": $275,000","6418 West Wright ST, Wauwatosa, WI 53213",4 bd,2 ba,"1,782 sqft","Sold: $275,000Sold on 03/24/23Zestimate®: $277,100"
1680469857-32,"https://www.zillow.com/homes/Wauwatosa,-WI_rb/",,https://www.zillow.com/homedetails/1949-N-117th-St-Wauwatosa-WI-53226/110701743_zpid/,": $300,000","1949 North 117th ST, Wauwatosa, WI 53226",3 bd,2 ba,"1,786 sqft","Sold: $300,000Sold on 03/27/23Zestimate®: $300,800"
1680469864-33,"https://www.zillow.com/homes/Wauwatosa,-WI_rb/",,https://www.zillow.com/homedetails/2579-N-67th-St-Wauwatosa-WI-53213/110701697_zpid/,": $365,000","2579 North 67th ST, Milwaukee, WI 53213",4 bd,3 ba,"2,151 sqft","Sold: $365,000Sold on 03/27/23Zestimate®: $366,000"
1680469872-34,"https://www.zillow.com/homes/Wauwatosa,-WI_rb/",,https://www.zillow.com/homedetails/2604-N-91st-St-Wauwatosa-WI-53226/97879966_zpid/,": $310,000","2604 North 91st ST, Wauwatosa, WI 53226",3 bd,2 ba,"1,682 sqft","Sold: $310,000Sold on 03/27/23Zestimate®: $324,200"
1680469878-35,"https://www.zillow.com/homes/Wauwatosa,-WI_rb/",,https://www.zillow.com/homedetails/2656-N-71st-St-Wauwatosa-WI-53213/110707982_zpid/,": $326,500","2656 North 71st ST, Wauwatosa, WI 53213",3 bd,2 ba,"1,548 sqft","Sold: $326,500Sold on 03/28/23Zestimate®: $327,200"
1680469884-36,"https://www.zillow.com/homes/Wauwatosa,-WI_rb/",,https://www.zillow.com/homedetails/11718-W-Walnut-Rd-Wauwatosa-WI-53226/110703369_zpid/,": $437,000","11718 West Walnut RD, Wauwatosa, WI 53226",3 bd,2 ba,"2,209 sqft","Sold: $437,000Sold on 03/28/23Zestimate®: $437,900"
1680469895-37,"https://www.zillow.com/homes/Wauwatosa,-WI_rb/",,https://www.zillow.com/homedetails/4234-N-93rd-St-Wauwatosa-WI-53222/110754577_zpid/,": $295,000","4234 North 93rd ST, Wauwatosa, WI 53222",3 bd,2 ba,"1,533 sqft","Sold: $295,000Sold on 03/29/23Zestimate®: $301,142"
1680469900-38,"https://www.zillow.com/homes/Wauwatosa,-WI_rb/",,https://www.zillow.com/homedetails/7405-Milwaukee-Ave-Wauwatosa-WI-53213/110747091_zpid/,": $490,000","7405 Milwaukee AVE, Wauwatosa, WI 53213",3 bd,2 ba,"2,396 sqft","Sold: $490,000Sold on 03/30/23Zestimate®: $507,300"
1680469906-39,"https://www.zillow.com/homes/Wauwatosa,-WI_rb/",,https://www.zillow.com/homedetails/839-N-73rd-St-Wauwatosa-WI-53213/110739049_zpid/,": $725,000","839 North 73rd ST, Wauwatosa, WI 53213",3 bd,3 ba,"3,565 sqft","Sold: $725,000Sold on 03/30/23Zestimate®: $725,600"
1680469912-40,"https://www.zillow.com/homes/Wauwatosa,-WI_rb/",,https://www.zillow.com/homedetails/2636-N-91st-St-Wauwatosa-WI-53226/110728527_zpid/,": $241,000","2636 North 91st ST, Wauwatosa, WI 53226",2 bd,1 ba,"1,222 sqft","Sold: $241,000Sold on 03/31/23Zestimate®: $228,958"
1680470523-44,https://www.zillow.com/wauwatosa-wi/sold/2_p/?searchQueryState=%7B%22pagination%22%3A%7B%22currentPage%22%3A2%7D%2C%22mapBounds%22%3A%7B%22west%22%3A-88.03361892700195%2C%22east%22%3A-87.9759407043457%2C%22south%22%3A43.04602857339023%2C%22north%22%3A43.06264859104245%7D%2C%22mapZoom%22%3A14%2C%22regionSelection%22%3A%5B%7B%22regionId%22%3A7794%2C%22regionType%22%3A6%7D%5D%2C%22isMapVisible%22%3Atrue%2C%22filterState%22%3A%7B%22fore%22%3A%7B%22value%22%3Afalse%7D%2C%22ah%22%3A%7B%22value%22%3Atrue%7D%2C%22sort%22%3A%7B%22value%22%3A%22days%22%7D%2C%22auc%22%3A%7B%22value%22%3Afalse%7D%2C%22nc%22%3A%7B%22value%22%3Afalse%7D%2C%22rs%22%3A%7B%22value%22%3Atrue%7D%2C%22fsbo%22%3A%7B%22value%22%3Afalse%7D%2C%22cmsn%22%3A%7B%22value%22%3Afalse%7D%2C%22fsba%22%3A%7B%22value%22%3Afalse%7D%7D%2C%22isListVisible%22%3Atrue%7D,,https://www.zillow.com/homedetails/2345-N-70th-St-Wauwatosa-WI-53213/110735336_zpid/,": $309,900","2345 North 70th St, Wauwatosa, WI 53213",4 bd,2 ba,"2,015 sqft","Sold: $309,900Sold on 09/09/22Zestimate®: $322,700"
1680470528-45,https://www.zillow.com/wauwatosa-wi/sold/2_p/?searchQueryState=%7B%22pagination%22%3A%7B%22currentPage%22%3A2%7D%2C%22mapBounds%22%3A%7B%22west%22%3A-88.03361892700195%2C%22east%22%3A-87.9759407043457%2C%22south%22%3A43.04602857339023%2C%22north%22%3A43.06264859104245%7D%2C%22mapZoom%22%3A14%2C%22regionSelection%22%3A%5B%7B%22regionId%22%3A7794%2C%22regionType%22%3A6%7D%5D%2C%22isMapVisible%22%3Atrue%2C%22filterState%22%3A%7B%22fore%22%3A%7B%22value%22%3Afalse%7D%2C%22ah%22%3A%7B%22value%22%3Atrue%7D%2C%22sort%22%3A%7B%22value%22%3A%22days%22%7D%2C%22auc%22%3A%7B%22value%22%3Afalse%7D%2C%22nc%22%3A%7B%22value%22%3Afalse%7D%2C%22rs%22%3A%7B%22value%22%3Atrue%7D%2C%22fsbo%22%3A%7B%22value%22%3Afalse%7D%2C%22cmsn%22%3A%7B%22value%22%3Afalse%7D%2C%22fsba%22%3A%7B%22value%22%3Afalse%7D%7D%2C%22isListVisible%22%3Atrue%7D,,https://www.zillow.com/homedetails/2177-N-70th-St-Wauwatosa-WI-53213/110735733_zpid/,": $342,000","2177 North 70th St, Wauwatosa, WI 53213",3 bd,2 ba,"1,663 sqft","Sold: $342,000Sold on 09/12/22Zestimate®: $358,000"
1680470532-46,https://www.zillow.com/wauwatosa-wi/sold/2_p/?searchQueryState=%7B%22pagination%22%3A%7B%22currentPage%22%3A2%7D%2C%22mapBounds%22%3A%7B%22west%22%3A-88.03361892700195%2C%22east%22%3A-87.9759407043457%2C%22south%22%3A43.04602857339023%2C%22north%22%3A43.06264859104245%7D%2C%22mapZoom%22%3A14%2C%22regionSelection%22%3A%5B%7B%22regionId%22%3A7794%2C%22regionType%22%3A6%7D%5D%2C%22isMapVisible%22%3Atrue%2C%22filterState%22%3A%7B%22fore%22%3A%7B%22value%22%3Afalse%7D%2C%22ah%22%3A%7B%22value%22%3Atrue%7D%2C%22sort%22%3A%7B%22value%22%3A%22days%22%7D%2C%22auc%22%3A%7B%22value%22%3Afalse%7D%2C%22nc%22%3A%7B%22value%22%3Afalse%7D%2C%22rs%22%3A%7B%22value%22%3Atrue%7D%2C%22fsbo%22%3A%7B%22value%22%3Afalse%7D%2C%22cmsn%22%3A%7B%22value%22%3Afalse%7D%2C%22fsba%22%3A%7B%22value%22%3Afalse%7D%7D%2C%22isListVisible%22%3Atrue%7D,,https://www.zillow.com/homedetails/6520-W-North-Ave-Milwaukee-WI-53213/110726428_zpid/,": $810,000","6520 W North Ave, Milwaukee, WI 53213",#NAME?,null,null,"Sold: $810,000Sold on 09/12/22Zestimate®: None HelpHelp"
1680470537-47,https://www.zillow.com/wauwatosa-wi/sold/2_p/?searchQueryState=%7B%22pagination%22%3A%7B%22currentPage%22%3A2%7D%2C%22mapBounds%22%3A%7B%22west%22%3A-88.03361892700195%2C%22east%22%3A-87.9759407043457%2C%22south%22%3A43.04602857339023%2C%22north%22%3A43.06264859104245%7D%2C%22mapZoom%22%3A14%2C%22regionSelection%22%3A%5B%7B%22regionId%22%3A7794%2C%22regionType%22%3A6%7D%5D%2C%22isMapVisible%22%3Atrue%2C%22filterState%22%3A%7B%22fore%22%3A%7B%22value%22%3Afalse%7D%2C%22ah%22%3A%7B%22value%22%3Atrue%7D%2C%22sort%22%3A%7B%22value%22%3A%22days%22%7D%2C%22auc%22%3A%7B%22value%22%3Afalse%7D%2C%22nc%22%3A%7B%22value%22%3Afalse%7D%2C%22rs%22%3A%7B%22value%22%3Atrue%7D%2C%22fsbo%22%3A%7B%22value%22%3Afalse%7D%2C%22cmsn%22%3A%7B%22value%22%3Afalse%7D%2C%22fsba%22%3A%7B%22value%22%3Afalse%7D%7D%2C%22isListVisible%22%3Atrue%7D,,https://www.zillow.com/homedetails/6818-W-North-Ave-Wauwatosa-WI-53213/110726312_zpid/,": $519,500","6818 W North Ave, Wauwatosa, WI 53213",4 bd,null,null,"Sold: $519,500Sold on 09/13/22Zestimate®: None HelpHelp"
1680470543-48,https://www.zillow.com/wauwatosa-wi/sold/2_p/?searchQueryState=%7B%22pagination%22%3A%7B%22currentPage%22%3A2%7D%2C%22mapBounds%22%3A%7B%22west%22%3A-88.03361892700195%2C%22east%22%3A-87.9759407043457%2C%22south%22%3A43.04602857339023%2C%22north%22%3A43.06264859104245%7D%2C%22mapZoom%22%3A14%2C%22regionSelection%22%3A%5B%7B%22regionId%22%3A7794%2C%22regionType%22%3A6%7D%5D%2C%22isMapVisible%22%3Atrue%2C%22filterState%22%3A%7B%22fore%22%3A%7B%22value%22%3Afalse%7D%2C%22ah%22%3A%7B%22value%22%3Atrue%7D%2C%22sort%22%3A%7B%22value%22%3A%22days%22%7D%2C%22auc%22%3A%7B%22value%22%3Afalse%7D%2C%22nc%22%3A%7B%22value%22%3Afalse%7D%2C%22rs%22%3A%7B%22value%22%3Atrue%7D%2C%22fsbo%22%3A%7B%22value%22%3Afalse%7D%2C%22cmsn%22%3A%7B%22value%22%3Afalse%7D%2C%22fsba%22%3A%7B%22value%22%3Afalse%7D%7D%2C%22isListVisible%22%3Atrue%7D,,https://www.zillow.com/homedetails/2168-N-67th-St-Wauwatosa-WI-53213/110707335_zpid/,": $323,500","2168 North 67th St, Milwaukee, WI 53213",3 bd,1 ba,"1,416 sqft","Sold: $323,500Sold on 09/19/22Zestimate®: $338,500"
1680470548-49,https://www.zillow.com/wauwatosa-wi/sold/2_p/?searchQueryState=%7B%22pagination%22%3A%7B%22currentPage%22%3A2%7D%2C%22mapBounds%22%3A%7B%22west%22%3A-88.03361892700195%2C%22east%22%3A-87.9759407043457%2C%22south%22%3A43.04602857339023%2C%22north%22%3A43.06264859104245%7D%2C%22mapZoom%22%3A14%2C%22regionSelection%22%3A%5B%7B%22regionId%22%3A7794%2C%22regionType%22%3A6%7D%5D%2C%22isMapVisible%22%3Atrue%2C%22filterState%22%3A%7B%22fore%22%3A%7B%22value%22%3Afalse%7D%2C%22ah%22%3A%7B%22value%22%3Atrue%7D%2C%22sort%22%3A%7B%22value%22%3A%22days%22%7D%2C%22auc%22%3A%7B%22value%22%3Afalse%7D%2C%22nc%22%3A%7B%22value%22%3Afalse%7D%2C%22rs%22%3A%7B%22value%22%3Atrue%7D%2C%22fsbo%22%3A%7B%22value%22%3Afalse%7D%2C%22cmsn%22%3A%7B%22value%22%3Afalse%7D%2C%22fsba%22%3A%7B%22value%22%3Afalse%7D%7D%2C%22isListVisible%22%3Atrue%7D,,https://www.zillow.com/homedetails/2053-N-85th-St-Wauwatosa-WI-53226/110756567_zpid/,": $325,000","2053 North 85th St, Wauwatosa, WI 53226",4 bd,1 ba,"1,875 sqft","Sold: $325,000Sold on 09/22/22Zestimate®: $340,200"
1680470554-50,https://www.zillow.com/wauwatosa-wi/sold/2_p/?searchQueryState=%7B%22pagination%22%3A%7B%22currentPage%22%3A2%7D%2C%22mapBounds%22%3A%7B%22west%22%3A-88.03361892700195%2C%22east%22%3A-87.9759407043457%2C%22south%22%3A43.04602857339023%2C%22north%22%3A43.06264859104245%7D%2C%22mapZoom%22%3A14%2C%22regionSelection%22%3A%5B%7B%22regionId%22%3A7794%2C%22regionType%22%3A6%7D%5D%2C%22isMapVisible%22%3Atrue%2C%22filterState%22%3A%7B%22fore%22%3A%7B%22value%22%3Afalse%7D%2C%22ah%22%3A%7B%22value%22%3Atrue%7D%2C%22sort%22%3A%7B%22value%22%3A%22days%22%7D%2C%22auc%22%3A%7B%22value%22%3Afalse%7D%2C%22nc%22%3A%7B%22value%22%3Afalse%7D%2C%22rs%22%3A%7B%22value%22%3Atrue%7D%2C%22fsbo%22%3A%7B%22value%22%3Afalse%7D%2C%22cmsn%22%3A%7B%22value%22%3Afalse%7D%2C%22fsba%22%3A%7B%22value%22%3Afalse%7D%7D%2C%22isListVisible%22%3Atrue%7D,,https://www.zillow.com/homedetails/1319-N-63rd-St-Wauwatosa-WI-53213/110757008_zpid/,": $366,500","1319 North 63rd St, Wauwatosa, WI 53213",3 bd,1 ba,"1,965 sqft","Sold: $366,500Sold on 09/23/22Zestimate®: $384,000"
1680470560-51,https://www.zillow.com/wauwatosa-wi/sold/2_p/?searchQueryState=%7B%22pagination%22%3A%7B%22currentPage%22%3A2%7D%2C%22mapBounds%22%3A%7B%22west%22%3A-88.03361892700195%2C%22east%22%3A-87.9759407043457%2C%22south%22%3A43.04602857339023%2C%22north%22%3A43.06264859104245%7D%2C%22mapZoom%22%3A14%2C%22regionSelection%22%3A%5B%7B%22regionId%22%3A7794%2C%22regionType%22%3A6%7D%5D%2C%22isMapVisible%22%3Atrue%2C%22filterState%22%3A%7B%22fore%22%3A%7B%22value%22%3Afalse%7D%2C%22ah%22%3A%7B%22value%22%3Atrue%7D%2C%22sort%22%3A%7B%22value%22%3A%22days%22%7D%2C%22auc%22%3A%7B%22value%22%3Afalse%7D%2C%22nc%22%3A%7B%22value%22%3Afalse%7D%2C%22rs%22%3A%7B%22value%22%3Atrue%7D%2C%22fsbo%22%3A%7B%22value%22%3Afalse%7D%2C%22cmsn%22%3A%7B%22value%22%3Afalse%7D%2C%22fsba%22%3A%7B%22value%22%3Afalse%7D%7D%2C%22isListVisible%22%3Atrue%7D,,https://www.zillow.com/homedetails/2016-Pleasant-St-Wauwatosa-WI-53213/110725663_zpid/,": $418,000","2016 Pleasant St, Wauwatosa, WI 53213",5 bd,2 ba,"1,705 sqft","Sold: $418,000Sold on 09/23/22Zestimate®: $437,700"
1680470563-52,https://www.zillow.com/wauwatosa-wi/sold/2_p/?searchQueryState=%7B%22pagination%22%3A%7B%22currentPage%22%3A2%7D%2C%22mapBounds%22%3A%7B%22west%22%3A-88.03361892700195%2C%22east%22%3A-87.9759407043457%2C%22south%22%3A43.04602857339023%2C%22north%22%3A43.06264859104245%7D%2C%22mapZoom%22%3A14%2C%22regionSelection%22%3A%5B%7B%22regionId%22%3A7794%2C%22regionType%22%3A6%7D%5D%2C%22isMapVisible%22%3Atrue%2C%22filterState%22%3A%7B%22fore%22%3A%7B%22value%22%3Afalse%7D%2C%22ah%22%3A%7B%22value%22%3Atrue%7D%2C%22sort%22%3A%7B%22value%22%3A%22days%22%7D%2C%22auc%22%3A%7B%22value%22%3Afalse%7D%2C%22nc%22%3A%7B%22value%22%3Afalse%7D%2C%22rs%22%3A%7B%22value%22%3Atrue%7D%2C%22fsbo%22%3A%7B%22value%22%3Afalse%7D%2C%22cmsn%22%3A%7B%22value%22%3Afalse%7D%2C%22fsba%22%3A%7B%22value%22%3Afalse%7D%7D%2C%22isListVisible%22%3Atrue%7D,,https://www.zillow.com/homedetails/2109-N-89th-St-Wauwatosa-WI-53226/110748270_zpid/,": $420,000","2109 North 89th St, Wauwatosa, WI 53226",4 bd,3 ba,"2,766 sqft","Sold: $420,000Sold on 09/26/22Zestimate®: $440,000"
1680470569-53,https://www.zillow.com/wauwatosa-wi/sold/2_p/?searchQueryState=%7B%22pagination%22%3A%7B%22currentPage%22%3A2%7D%2C%22mapBounds%22%3A%7B%22west%22%3A-88.03361892700195%2C%22east%22%3A-87.9759407043457%2C%22south%22%3A43.04602857339023%2C%22north%22%3A43.06264859104245%7D%2C%22mapZoom%22%3A14%2C%22regionSelection%22%3A%5B%7B%22regionId%22%3A7794%2C%22regionType%22%3A6%7D%5D%2C%22isMapVisible%22%3Atrue%2C%22filterState%22%3A%7B%22fore%22%3A%7B%22value%22%3Afalse%7D%2C%22ah%22%3A%7B%22value%22%3Atrue%7D%2C%22sort%22%3A%7B%22value%22%3A%22days%22%7D%2C%22auc%22%3A%7B%22value%22%3Afalse%7D%2C%22nc%22%3A%7B%22value%22%3Afalse%7D%2C%22rs%22%3A%7B%22value%22%3Atrue%7D%2C%22fsbo%22%3A%7B%22value%22%3Afalse%7D%2C%22cmsn%22%3A%7B%22value%22%3Afalse%7D%2C%22fsba%22%3A%7B%22value%22%3Afalse%7D%7D%2C%22isListVisible%22%3Atrue%7D,,https://www.zillow.com/homedetails/2217-N-66th-St-Wauwatosa-WI-53213/110758849_zpid/,": $250,000","2217 North 66th St, Wauwatosa, WI 53213",2 bd,1 ba,"1,132 sqft","Sold: $250,000Sold on 09/28/22Zestimate®: $262,000"
1680470575-54,https://www.zillow.com/wauwatosa-wi/sold/2_p/?searchQueryState=%7B%22pagination%22%3A%7B%22currentPage%22%3A2%7D%2C%22mapBounds%22%3A%7B%22west%22%3A-88.03361892700195%2C%22east%22%3A-87.9759407043457%2C%22south%22%3A43.04602857339023%2C%22north%22%3A43.06264859104245%7D%2C%22mapZoom%22%3A14%2C%22regionSelection%22%3A%5B%7B%22regionId%22%3A7794%2C%22regionType%22%3A6%7D%5D%2C%22isMapVisible%22%3Atrue%2C%22filterState%22%3A%7B%22fore%22%3A%7B%22value%22%3Afalse%7D%2C%22ah%22%3A%7B%22value%22%3Atrue%7D%2C%22sort%22%3A%7B%22value%22%3A%22days%22%7D%2C%22auc%22%3A%7B%22value%22%3Afalse%7D%2C%22nc%22%3A%7B%22value%22%3Afalse%7D%2C%22rs%22%3A%7B%22value%22%3Atrue%7D%2C%22fsbo%22%3A%7B%22value%22%3Afalse%7D%2C%22cmsn%22%3A%7B%22value%22%3Afalse%7D%2C%22fsba%22%3A%7B%22value%22%3Afalse%7D%7D%2C%22isListVisible%22%3Atrue%7D,,https://www.zillow.com/homedetails/2344-N-65th-St-2346-Milwaukee-WI-53213/2061994572_zpid/,": $375,000","2344 North 65th St UNIT 2346, Wauwatosa, WI 53213",4 bd,2 ba,"1,944 sqft","Sold: $375,000Sold on 09/29/22Zestimate®: None HelpHelp"
1680470580-55,https://www.zillow.com/wauwatosa-wi/sold/2_p/?searchQueryState=%7B%22pagination%22%3A%7B%22currentPage%22%3A2%7D%2C%22mapBounds%22%3A%7B%22west%22%3A-88.03361892700195%2C%22east%22%3A-87.9759407043457%2C%22south%22%3A43.04602857339023%2C%22north%22%3A43.06264859104245%7D%2C%22mapZoom%22%3A14%2C%22regionSelection%22%3A%5B%7B%22regionId%22%3A7794%2C%22regionType%22%3A6%7D%5D%2C%22isMapVisible%22%3Atrue%2C%22filterState%22%3A%7B%22fore%22%3A%7B%22value%22%3Afalse%7D%2C%22ah%22%3A%7B%22value%22%3Atrue%7D%2C%22sort%22%3A%7B%22value%22%3A%22days%22%7D%2C%22auc%22%3A%7B%22value%22%3Afalse%7D%2C%22nc%22%3A%7B%22value%22%3Afalse%7D%2C%22rs%22%3A%7B%22value%22%3Atrue%7D%2C%22fsbo%22%3A%7B%22value%22%3Afalse%7D%2C%22cmsn%22%3A%7B%22value%22%3Afalse%7D%2C%22fsba%22%3A%7B%22value%22%3Afalse%7D%7D%2C%22isListVisible%22%3Atrue%7D,,https://www.zillow.com/homedetails/2352-N-85th-St-2354-Milwaukee-WI-53226/2062394281_zpid/,": $375,000","2352 North 85th St UNIT 2354, Wauwatosa, WI 53226",4 bd,2 ba,"2,078 sqft","Sold: $375,000Sold on 09/30/22Zestimate®: None HelpHelp"
1680470586-56,https://www.zillow.com/wauwatosa-wi/sold/2_p/?searchQueryState=%7B%22pagination%22%3A%7B%22currentPage%22%3A2%7D%2C%22mapBounds%22%3A%7B%22west%22%3A-88.03361892700195%2C%22east%22%3A-87.9759407043457%2C%22south%22%3A43.04602857339023%2C%22north%22%3A43.06264859104245%7D%2C%22mapZoom%22%3A14%2C%22regionSelection%22%3A%5B%7B%22regionId%22%3A7794%2C%22regionType%22%3A6%7D%5D%2C%22isMapVisible%22%3Atrue%2C%22filterState%22%3A%7B%22fore%22%3A%7B%22value%22%3Afalse%7D%2C%22ah%22%3A%7B%22value%22%3Atrue%7D%2C%22sort%22%3A%7B%22value%22%3A%22days%22%7D%2C%22auc%22%3A%7B%22value%22%3Afalse%7D%2C%22nc%22%3A%7B%22value%22%3Afalse%7D%2C%22rs%22%3A%7B%22value%22%3Atrue%7D%2C%22fsbo%22%3A%7B%22value%22%3Afalse%7D%2C%22cmsn%22%3A%7B%22value%22%3Afalse%7D%2C%22fsba%22%3A%7B%22value%22%3Afalse%7D%7D%2C%22isListVisible%22%3Atrue%7D,,https://www.zillow.com/homedetails/2102-N-91st-St-Wauwatosa-WI-53226/110710012_zpid/,": $727,000","2102 North 91st St, Wauwatosa, WI 53226",4 bd,3 ba,"3,085 sqft","Sold: $727,000Sold on 10/03/22Zestimate®: $763,000"
1680470591-57,https://www.zillow.com/wauwatosa-wi/sold/2_p/?searchQueryState=%7B%22pagination%22%3A%7B%22currentPage%22%3A2%7D%2C%22mapBounds%22%3A%7B%22west%22%3A-88.03361892700195%2C%22east%22%3A-87.9759407043457%2C%22south%22%3A43.04602857339023%2C%22north%22%3A43.06264859104245%7D%2C%22mapZoom%22%3A14%2C%22regionSelection%22%3A%5B%7B%22regionId%22%3A7794%2C%22regionType%22%3A6%7D%5D%2C%22isMapVisible%22%3Atrue%2C%22filterState%22%3A%7B%22fore%22%3A%7B%22value%22%3Afalse%7D%2C%22ah%22%3A%7B%22value%22%3Atrue%7D%2C%22sort%22%3A%7B%22value%22%3A%22days%22%7D%2C%22auc%22%3A%7B%22value%22%3Afalse%7D%2C%22nc%22%3A%7B%22value%22%3Afalse%7D%2C%22rs%22%3A%7B%22value%22%3Atrue%7D%2C%22fsbo%22%3A%7B%22value%22%3Afalse%7D%2C%22cmsn%22%3A%7B%22value%22%3Afalse%7D%2C%22fsba%22%3A%7B%22value%22%3Afalse%7D%7D%2C%22isListVisible%22%3Atrue%7D,,https://www.zillow.com/homedetails/8201-Aberdeen-Ct-Wauwatosa-WI-53213/110743417_zpid/,": $385,000","8201 Aberdeen  Ct, Wauwatosa, WI 53213",3 bd,2 ba,"1,607 sqft","Sold: $385,000Sold on 10/05/22Zestimate®: $405,000"
1680470596-58,https://www.zillow.com/wauwatosa-wi/sold/2_p/?searchQueryState=%7B%22pagination%22%3A%7B%22currentPage%22%3A2%7D%2C%22mapBounds%22%3A%7B%22west%22%3A-88.03361892700195%2C%22east%22%3A-87.9759407043457%2C%22south%22%3A43.04602857339023%2C%22north%22%3A43.06264859104245%7D%2C%22mapZoom%22%3A14%2C%22regionSelection%22%3A%5B%7B%22regionId%22%3A7794%2C%22regionType%22%3A6%7D%5D%2C%22isMapVisible%22%3Atrue%2C%22filterState%22%3A%7B%22fore%22%3A%7B%22value%22%3Afalse%7D%2C%22ah%22%3A%7B%22value%22%3Atrue%7D%2C%22sort%22%3A%7B%22value%22%3A%22days%22%7D%2C%22auc%22%3A%7B%22value%22%3Afalse%7D%2C%22nc%22%3A%7B%22value%22%3Afalse%7D%2C%22rs%22%3A%7B%22value%22%3Atrue%7D%2C%22fsbo%22%3A%7B%22value%22%3Afalse%7D%2C%22cmsn%22%3A%7B%22value%22%3Afalse%7D%2C%22fsba%22%3A%7B%22value%22%3Afalse%7D%7D%2C%22isListVisible%22%3Atrue%7D,,https://www.zillow.com/homedetails/2352-N-85th-St-Wauwatosa-WI-53226/110738323_zpid/,": $375,000","2352 N 85th St, Wauwatosa, WI 53226",4 bd,null,null,"Sold: $375,000Sold on 10/05/22Zestimate®: $393,500"
1680470601-59,https://www.zillow.com/wauwatosa-wi/sold/2_p/?searchQueryState=%7B%22pagination%22%3A%7B%22currentPage%22%3A2%7D%2C%22mapBounds%22%3A%7B%22west%22%3A-88.03361892700195%2C%22east%22%3A-87.9759407043457%2C%22south%22%3A43.04602857339023%2C%22north%22%3A43.06264859104245%7D%2C%22mapZoom%22%3A14%2C%22regionSelection%22%3A%5B%7B%22regionId%22%3A7794%2C%22regionType%22%3A6%7D%5D%2C%22isMapVisible%22%3Atrue%2C%22filterState%22%3A%7B%22fore%22%3A%7B%22value%22%3Afalse%7D%2C%22ah%22%3A%7B%22value%22%3Atrue%7D%2C%22sort%22%3A%7B%22value%22%3A%22days%22%7D%2C%22auc%22%3A%7B%22value%22%3Afalse%7D%2C%22nc%22%3A%7B%22value%22%3Afalse%7D%2C%22rs%22%3A%7B%22value%22%3Atrue%7D%2C%22fsbo%22%3A%7B%22value%22%3Afalse%7D%2C%22cmsn%22%3A%7B%22value%22%3Afalse%7D%2C%22fsba%22%3A%7B%22value%22%3Afalse%7D%7D%2C%22isListVisible%22%3Atrue%7D,,https://www.zillow.com/homedetails/6507-Betsy-Ross-Pl-Wauwatosa-WI-53213/110748813_zpid/,": $540,000","6507 Betsy Ross Pl, Wauwatosa, WI 53213",3 bd,2 ba,"2,065 sqft","Sold: $540,000Sold on 10/06/22Zestimate®: $495,000"
1680470607-60,https://www.zillow.com/wauwatosa-wi/sold/2_p/?searchQueryState=%7B%22pagination%22%3A%7B%22currentPage%22%3A2%7D%2C%22mapBounds%22%3A%7B%22west%22%3A-88.03361892700195%2C%22east%22%3A-87.9759407043457%2C%22south%22%3A43.04602857339023%2C%22north%22%3A43.06264859104245%7D%2C%22mapZoom%22%3A14%2C%22regionSelection%22%3A%5B%7B%22regionId%22%3A7794%2C%22regionType%22%3A6%7D%5D%2C%22isMapVisible%22%3Atrue%2C%22filterState%22%3A%7B%22fore%22%3A%7B%22value%22%3Afalse%7D%2C%22ah%22%3A%7B%22value%22%3Atrue%7D%2C%22sort%22%3A%7B%22value%22%3A%22days%22%7D%2C%22auc%22%3A%7B%22value%22%3Afalse%7D%2C%22nc%22%3A%7B%22value%22%3Afalse%7D%2C%22rs%22%3A%7B%22value%22%3Atrue%7D%2C%22fsbo%22%3A%7B%22value%22%3Afalse%7D%2C%22cmsn%22%3A%7B%22value%22%3Afalse%7D%2C%22fsba%22%3A%7B%22value%22%3Afalse%7D%7D%2C%22isListVisible%22%3Atrue%7D,,https://www.zillow.com/homedetails/2134-N-61st-St-Wauwatosa-WI-53213/109177874_zpid/,": $315,000","2134 North 61st St, Wauwatosa, WI 53213",4 bd,2 ba,"1,870 sqft","Sold: $315,000Sold on 10/12/22Zestimate®: $330,900"
1680470611-61,https://www.zillow.com/wauwatosa-wi/sold/2_p/?searchQueryState=%7B%22pagination%22%3A%7B%22currentPage%22%3A2%7D%2C%22mapBounds%22%3A%7B%22west%22%3A-88.03361892700195%2C%22east%22%3A-87.9759407043457%2C%22south%22%3A43.04602857339023%2C%22north%22%3A43.06264859104245%7D%2C%22mapZoom%22%3A14%2C%22regionSelection%22%3A%5B%7B%22regionId%22%3A7794%2C%22regionType%22%3A6%7D%5D%2C%22isMapVisible%22%3Atrue%2C%22filterState%22%3A%7B%22fore%22%3A%7B%22value%22%3Afalse%7D%2C%22ah%22%3A%7B%22value%22%3Atrue%7D%2C%22sort%22%3A%7B%22value%22%3A%22days%22%7D%2C%22auc%22%3A%7B%22value%22%3Afalse%7D%2C%22nc%22%3A%7B%22value%22%3Afalse%7D%2C%22rs%22%3A%7B%22value%22%3Atrue%7D%2C%22fsbo%22%3A%7B%22value%22%3Afalse%7D%2C%22cmsn%22%3A%7B%22value%22%3Afalse%7D%2C%22fsba%22%3A%7B%22value%22%3Afalse%7D%7D%2C%22isListVisible%22%3Atrue%7D,,https://www.zillow.com/homedetails/9343-Stickney-Ave-Wauwatosa-WI-53226/110757924_zpid/,": $602,000","9343 Stickney Ave, Wauwatosa, WI 53226",3 bd,2 ba,"2,194 sqft","Sold: $602,000Sold on 10/14/22Zestimate®: $632,700"
1680470616-62,https://www.zillow.com/wauwatosa-wi/sold/2_p/?searchQueryState=%7B%22pagination%22%3A%7B%22currentPage%22%3A2%7D%2C%22mapBounds%22%3A%7B%22west%22%3A-88.03361892700195%2C%22east%22%3A-87.9759407043457%2C%22south%22%3A43.04602857339023%2C%22north%22%3A43.06264859104245%7D%2C%22mapZoom%22%3A14%2C%22regionSelection%22%3A%5B%7B%22regionId%22%3A7794%2C%22regionType%22%3A6%7D%5D%2C%22isMapVisible%22%3Atrue%2C%22filterState%22%3A%7B%22fore%22%3A%7B%22value%22%3Afalse%7D%2C%22ah%22%3A%7B%22value%22%3Atrue%7D%2C%22sort%22%3A%7B%22value%22%3A%22days%22%7D%2C%22auc%22%3A%7B%22value%22%3Afalse%7D%2C%22nc%22%3A%7B%22value%22%3Afalse%7D%2C%22rs%22%3A%7B%22value%22%3Atrue%7D%2C%22fsbo%22%3A%7B%22value%22%3Afalse%7D%2C%22cmsn%22%3A%7B%22value%22%3Afalse%7D%2C%22fsba%22%3A%7B%22value%22%3Afalse%7D%7D%2C%22isListVisible%22%3Atrue%7D,,https://www.zillow.com/homedetails/2032-Two-Tree-Ln-Wauwatosa-WI-53213/110735712_zpid/,": $462,000","2032 Two Tree Ln, Wauwatosa, WI 53213",3 bd,2 ba,"1,666 sqft","Sold: $462,000Sold on 10/14/22Zestimate®: $434,000"
1680470622-63,https://www.zillow.com/wauwatosa-wi/sold/2_p/?searchQueryState=%7B%22pagination%22%3A%7B%22currentPage%22%3A2%7D%2C%22mapBounds%22%3A%7B%22west%22%3A-88.03361892700195%2C%22east%22%3A-87.9759407043457%2C%22south%22%3A43.04602857339023%2C%22north%22%3A43.06264859104245%7D%2C%22mapZoom%22%3A14%2C%22regionSelection%22%3A%5B%7B%22regionId%22%3A7794%2C%22regionType%22%3A6%7D%5D%2C%22isMapVisible%22%3Atrue%2C%22filterState%22%3A%7B%22fore%22%3A%7B%22value%22%3Afalse%7D%2C%22ah%22%3A%7B%22value%22%3Atrue%7D%2C%22sort%22%3A%7B%22value%22%3A%22days%22%7D%2C%22auc%22%3A%7B%22value%22%3Afalse%7D%2C%22nc%22%3A%7B%22value%22%3Afalse%7D%2C%22rs%22%3A%7B%22value%22%3Atrue%7D%2C%22fsbo%22%3A%7B%22value%22%3Afalse%7D%2C%22cmsn%22%3A%7B%22value%22%3Afalse%7D%2C%22fsba%22%3A%7B%22value%22%3Afalse%7D%7D%2C%22isListVisible%22%3Atrue%7D,,https://www.zillow.com/homedetails/2377-N-88th-St-Wauwatosa-WI-53226/110711705_zpid/,": $415,000","2377 North 88th St, Wauwatosa, WI 53226",3 bd,2 ba,"1,626 sqft","Sold: $415,000Sold on 10/17/22Zestimate®: $436,700"
1680470628-64,https://www.zillow.com/wauwatosa-wi/sold/2_p/?searchQueryState=%7B%22pagination%22%3A%7B%22currentPage%22%3A2%7D%2C%22mapBounds%22%3A%7B%22west%22%3A-88.03361892700195%2C%22east%22%3A-87.9759407043457%2C%22south%22%3A43.04602857339023%2C%22north%22%3A43.06264859104245%7D%2C%22mapZoom%22%3A14%2C%22regionSelection%22%3A%5B%7B%22regionId%22%3A7794%2C%22regionType%22%3A6%7D%5D%2C%22isMapVisible%22%3Atrue%2C%22filterState%22%3A%7B%22fore%22%3A%7B%22value%22%3Afalse%7D%2C%22ah%22%3A%7B%22value%22%3Atrue%7D%2C%22sort%22%3A%7B%22value%22%3A%22days%22%7D%2C%22auc%22%3A%7B%22value%22%3Afalse%7D%2C%22nc%22%3A%7B%22value%22%3Afalse%7D%2C%22rs%22%3A%7B%22value%22%3Atrue%7D%2C%22fsbo%22%3A%7B%22value%22%3Afalse%7D%2C%22cmsn%22%3A%7B%22value%22%3Afalse%7D%2C%22fsba%22%3A%7B%22value%22%3Afalse%7D%7D%2C%22isListVisible%22%3Atrue%7D,,https://www.zillow.com/homedetails/1227-Elm-Lawn-St-Wauwatosa-WI-53213/110740342_zpid/,": $357,000","1227 Elm Lawn St, Wauwatosa, WI 53213",4 bd,2 ba,"2,027 sqft","Sold: $357,000Sold on 10/20/22Zestimate®: $375,600"
1680470634-65,https://www.zillow.com/wauwatosa-wi/sold/2_p/?searchQueryState=%7B%22pagination%22%3A%7B%22currentPage%22%3A2%7D%2C%22mapBounds%22%3A%7B%22west%22%3A-88.03361892700195%2C%22east%22%3A-87.9759407043457%2C%22south%22%3A43.04602857339023%2C%22north%22%3A43.06264859104245%7D%2C%22mapZoom%22%3A14%2C%22regionSelection%22%3A%5B%7B%22regionId%22%3A7794%2C%22regionType%22%3A6%7D%5D%2C%22isMapVisible%22%3Atrue%2C%22filterState%22%3A%7B%22fore%22%3A%7B%22value%22%3Afalse%7D%2C%22ah%22%3A%7B%22value%22%3Atrue%7D%2C%22sort%22%3A%7B%22value%22%3A%22days%22%7D%2C%22auc%22%3A%7B%22value%22%3Afalse%7D%2C%22nc%22%3A%7B%22value%22%3Afalse%7D%2C%22rs%22%3A%7B%22value%22%3Atrue%7D%2C%22fsbo%22%3A%7B%22value%22%3Afalse%7D%2C%22cmsn%22%3A%7B%22value%22%3Afalse%7D%2C%22fsba%22%3A%7B%22value%22%3Afalse%7D%7D%2C%22isListVisible%22%3Atrue%7D,,https://www.zillow.com/homedetails/2345-N-66th-St-Wauwatosa-WI-53213/110717956_zpid/,": $323,000","2345 North 66th St, Wauwatosa, WI 53213",4 bd,2 ba,"2,130 sqft","Sold: $323,000Sold on 10/21/22Zestimate®: $339,900"
1680470639-66,https://www.zillow.com/wauwatosa-wi/sold/2_p/?searchQueryState=%7B%22pagination%22%3A%7B%22currentPage%22%3A2%7D%2C%22mapBounds%22%3A%7B%22west%22%3A-88.03361892700195%2C%22east%22%3A-87.9759407043457%2C%22south%22%3A43.04602857339023%2C%22north%22%3A43.06264859104245%7D%2C%22mapZoom%22%3A14%2C%22regionSelection%22%3A%5B%7B%22regionId%22%3A7794%2C%22regionType%22%3A6%7D%5D%2C%22isMapVisible%22%3Atrue%2C%22filterState%22%3A%7B%22fore%22%3A%7B%22value%22%3Afalse%7D%2C%22ah%22%3A%7B%22value%22%3Atrue%7D%2C%22sort%22%3A%7B%22value%22%3A%22days%22%7D%2C%22auc%22%3A%7B%22value%22%3Afalse%7D%2C%22nc%22%3A%7B%22value%22%3Afalse%7D%2C%22rs%22%3A%7B%22value%22%3Atrue%7D%2C%22fsbo%22%3A%7B%22value%22%3Afalse%7D%2C%22cmsn%22%3A%7B%22value%22%3Afalse%7D%2C%22fsba%22%3A%7B%22value%22%3Afalse%7D%7D%2C%22isListVisible%22%3Atrue%7D,,https://www.zillow.com/homedetails/2124-N-84th-St-Milwaukee-WI-53226/2061636966_zpid/,": $272,000","2124 North 84th St, Wauwatosa, WI 53226",3 bd,2 ba,"1,537 sqft","Sold: $272,000Sold on 10/28/22Zestimate®: None HelpHelp"
1680470644-67,https://www.zillow.com/wauwatosa-wi/sold/2_p/?searchQueryState=%7B%22pagination%22%3A%7B%22currentPage%22%3A2%7D%2C%22mapBounds%22%3A%7B%22west%22%3A-88.03361892700195%2C%22east%22%3A-87.9759407043457%2C%22south%22%3A43.04602857339023%2C%22north%22%3A43.06264859104245%7D%2C%22mapZoom%22%3A14%2C%22regionSelection%22%3A%5B%7B%22regionId%22%3A7794%2C%22regionType%22%3A6%7D%5D%2C%22isMapVisible%22%3Atrue%2C%22filterState%22%3A%7B%22fore%22%3A%7B%22value%22%3Afalse%7D%2C%22ah%22%3A%7B%22value%22%3Atrue%7D%2C%22sort%22%3A%7B%22value%22%3A%22days%22%7D%2C%22auc%22%3A%7B%22value%22%3Afalse%7D%2C%22nc%22%3A%7B%22value%22%3Afalse%7D%2C%22rs%22%3A%7B%22value%22%3Atrue%7D%2C%22fsbo%22%3A%7B%22value%22%3Afalse%7D%2C%22cmsn%22%3A%7B%22value%22%3Afalse%7D%2C%22fsba%22%3A%7B%22value%22%3Afalse%7D%7D%2C%22isListVisible%22%3Atrue%7D,,https://www.zillow.com/homedetails/2235-N-60th-St-Wauwatosa-WI-53208/110754397_zpid/,": $125,000","2235 N 60th St, Wauwatosa, WI 53208",3 bd,null,null,"Sold: $125,000Sold on 10/28/22Zestimate®: $311,100"
1680470650-68,https://www.zillow.com/wauwatosa-wi/sold/2_p/?searchQueryState=%7B%22pagination%22%3A%7B%22currentPage%22%3A2%7D%2C%22mapBounds%22%3A%7B%22west%22%3A-88.03361892700195%2C%22east%22%3A-87.9759407043457%2C%22south%22%3A43.04602857339023%2C%22north%22%3A43.06264859104245%7D%2C%22mapZoom%22%3A14%2C%22regionSelection%22%3A%5B%7B%22regionId%22%3A7794%2C%22regionType%22%3A6%7D%5D%2C%22isMapVisible%22%3Atrue%2C%22filterState%22%3A%7B%22fore%22%3A%7B%22value%22%3Afalse%7D%2C%22ah%22%3A%7B%22value%22%3Atrue%7D%2C%22sort%22%3A%7B%22value%22%3A%22days%22%7D%2C%22auc%22%3A%7B%22value%22%3Afalse%7D%2C%22nc%22%3A%7B%22value%22%3Afalse%7D%2C%22rs%22%3A%7B%22value%22%3Atrue%7D%2C%22fsbo%22%3A%7B%22value%22%3Afalse%7D%2C%22cmsn%22%3A%7B%22value%22%3Afalse%7D%2C%22fsba%22%3A%7B%22value%22%3Afalse%7D%7D%2C%22isListVisible%22%3Atrue%7D,,https://www.zillow.com/homedetails/2379-N-65th-St-Wauwatosa-WI-53213/110720552_zpid/,": $207,000","2379 North 65th St, Wauwatosa, WI 53213",3 bd,1 ba,"1,554 sqft","Sold: $207,000Sold on 10/28/22Zestimate®: $282,200"
1680470655-69,https://www.zillow.com/wauwatosa-wi/sold/2_p/?searchQueryState=%7B%22pagination%22%3A%7B%22currentPage%22%3A2%7D%2C%22mapBounds%22%3A%7B%22west%22%3A-88.03361892700195%2C%22east%22%3A-87.9759407043457%2C%22south%22%3A43.04602857339023%2C%22north%22%3A43.06264859104245%7D%2C%22mapZoom%22%3A14%2C%22regionSelection%22%3A%5B%7B%22regionId%22%3A7794%2C%22regionType%22%3A6%7D%5D%2C%22isMapVisible%22%3Atrue%2C%22filterState%22%3A%7B%22fore%22%3A%7B%22value%22%3Afalse%7D%2C%22ah%22%3A%7B%22value%22%3Atrue%7D%2C%22sort%22%3A%7B%22value%22%3A%22days%22%7D%2C%22auc%22%3A%7B%22value%22%3Afalse%7D%2C%22nc%22%3A%7B%22value%22%3Afalse%7D%2C%22rs%22%3A%7B%22value%22%3Atrue%7D%2C%22fsbo%22%3A%7B%22value%22%3Afalse%7D%2C%22cmsn%22%3A%7B%22value%22%3Afalse%7D%2C%22fsba%22%3A%7B%22value%22%3Afalse%7D%7D%2C%22isListVisible%22%3Atrue%7D,,https://www.zillow.com/homedetails/2114-N-86th-St-2116-Milwaukee-WI-53226/2061614099_zpid/,": $357,500","2114 North 86th St UNIT 2116, Wauwatosa, WI 53226",3 bd,2 ba,"2,573 sqft","Sold: $357,500Sold on 10/31/22Zestimate®: $350,090"
1680470660-70,https://www.zillow.com/wauwatosa-wi/sold/2_p/?searchQueryState=%7B%22pagination%22%3A%7B%22currentPage%22%3A2%7D%2C%22mapBounds%22%3A%7B%22west%22%3A-88.03361892700195%2C%22east%22%3A-87.9759407043457%2C%22south%22%3A43.04602857339023%2C%22north%22%3A43.06264859104245%7D%2C%22mapZoom%22%3A14%2C%22regionSelection%22%3A%5B%7B%22regionId%22%3A7794%2C%22regionType%22%3A6%7D%5D%2C%22isMapVisible%22%3Atrue%2C%22filterState%22%3A%7B%22fore%22%3A%7B%22value%22%3Afalse%7D%2C%22ah%22%3A%7B%22value%22%3Atrue%7D%2C%22sort%22%3A%7B%22value%22%3A%22days%22%7D%2C%22auc%22%3A%7B%22value%22%3Afalse%7D%2C%22nc%22%3A%7B%22value%22%3Afalse%7D%2C%22rs%22%3A%7B%22value%22%3Atrue%7D%2C%22fsbo%22%3A%7B%22value%22%3Afalse%7D%2C%22cmsn%22%3A%7B%22value%22%3Afalse%7D%2C%22fsba%22%3A%7B%22value%22%3Afalse%7D%7D%2C%22isListVisible%22%3Atrue%7D,,https://www.zillow.com/homedetails/2114-N-86th-St-Wauwatosa-WI-53226/110713428_zpid/,": $357,500","2114 N 86th St, Wauwatosa, WI 53226",1 bd,null,null,"Sold: $357,500Sold on 11/01/22Zestimate®: $376,900"
1680470666-71,https://www.zillow.com/wauwatosa-wi/sold/2_p/?searchQueryState=%7B%22pagination%22%3A%7B%22currentPage%22%3A2%7D%2C%22mapBounds%22%3A%7B%22west%22%3A-88.03361892700195%2C%22east%22%3A-87.9759407043457%2C%22south%22%3A43.04602857339023%2C%22north%22%3A43.06264859104245%7D%2C%22mapZoom%22%3A14%2C%22regionSelection%22%3A%5B%7B%22regionId%22%3A7794%2C%22regionType%22%3A6%7D%5D%2C%22isMapVisible%22%3Atrue%2C%22filterState%22%3A%7B%22fore%22%3A%7B%22value%22%3Afalse%7D%2C%22ah%22%3A%7B%22value%22%3Atrue%7D%2C%22sort%22%3A%7B%22value%22%3A%22days%22%7D%2C%22auc%22%3A%7B%22value%22%3Afalse%7D%2C%22nc%22%3A%7B%22value%22%3Afalse%7D%2C%22rs%22%3A%7B%22value%22%3Atrue%7D%2C%22fsbo%22%3A%7B%22value%22%3Afalse%7D%2C%22cmsn%22%3A%7B%22value%22%3Afalse%7D%2C%22fsba%22%3A%7B%22value%22%3Afalse%7D%7D%2C%22isListVisible%22%3Atrue%7D,,https://www.zillow.com/homedetails/8401-Jackson-Park-Blvd-Wauwatosa-WI-53226/110720241_zpid/,": $355,000","8401 Jackson Park Blvd, Wauwatosa, WI 53226",3 bd,2 ba,"2,027 sqft","Sold: $355,000Sold on 11/02/22Zestimate®: $374,300"
1680470672-72,https://www.zillow.com/wauwatosa-wi/sold/2_p/?searchQueryState=%7B%22pagination%22%3A%7B%22currentPage%22%3A2%7D%2C%22mapBounds%22%3A%7B%22west%22%3A-88.03361892700195%2C%22east%22%3A-87.9759407043457%2C%22south%22%3A43.04602857339023%2C%22north%22%3A43.06264859104245%7D%2C%22mapZoom%22%3A14%2C%22regionSelection%22%3A%5B%7B%22regionId%22%3A7794%2C%22regionType%22%3A6%7D%5D%2C%22isMapVisible%22%3Atrue%2C%22filterState%22%3A%7B%22fore%22%3A%7B%22value%22%3Afalse%7D%2C%22ah%22%3A%7B%22value%22%3Atrue%7D%2C%22sort%22%3A%7B%22value%22%3A%22days%22%7D%2C%22auc%22%3A%7B%22value%22%3Afalse%7D%2C%22nc%22%3A%7B%22value%22%3Afalse%7D%2C%22rs%22%3A%7B%22value%22%3Atrue%7D%2C%22fsbo%22%3A%7B%22value%22%3Afalse%7D%2C%22cmsn%22%3A%7B%22value%22%3Afalse%7D%2C%22fsba%22%3A%7B%22value%22%3Afalse%7D%7D%2C%22isListVisible%22%3Atrue%7D,,https://www.zillow.com/homedetails/2168-N-62nd-St-Wauwatosa-WI-53213/110712704_zpid/,": $315,000","2168 North 62nd St, Wauwatosa, WI 53213",3 bd,2 ba,"1,750 sqft","Sold: $315,000Sold on 11/02/22Zestimate®: $332,100"
1680470676-73,https://www.zillow.com/wauwatosa-wi/sold/2_p/?searchQueryState=%7B%22pagination%22%3A%7B%22currentPage%22%3A2%7D%2C%22mapBounds%22%3A%7B%22west%22%3A-88.03361892700195%2C%22east%22%3A-87.9759407043457%2C%22south%22%3A43.04602857339023%2C%22north%22%3A43.06264859104245%7D%2C%22mapZoom%22%3A14%2C%22regionSelection%22%3A%5B%7B%22regionId%22%3A7794%2C%22regionType%22%3A6%7D%5D%2C%22isMapVisible%22%3Atrue%2C%22filterState%22%3A%7B%22fore%22%3A%7B%22value%22%3Afalse%7D%2C%22ah%22%3A%7B%22value%22%3Atrue%7D%2C%22sort%22%3A%7B%22value%22%3A%22days%22%7D%2C%22auc%22%3A%7B%22value%22%3Afalse%7D%2C%22nc%22%3A%7B%22value%22%3Afalse%7D%2C%22rs%22%3A%7B%22value%22%3Atrue%7D%2C%22fsbo%22%3A%7B%22value%22%3Afalse%7D%2C%22cmsn%22%3A%7B%22value%22%3Afalse%7D%2C%22fsba%22%3A%7B%22value%22%3Afalse%7D%7D%2C%22isListVisible%22%3Atrue%7D,,https://www.zillow.com/homedetails/6418-Vista-Ave-Milwaukee-WI-53213/110727020_zpid/,": $336,650","6418 Vista Ave, Wauwatosa, WI 53213",3 bd,2 ba,"1,296 sqft","Sold: $336,650Sold on 11/03/22Zestimate®: $355,000"
1680470682-74,https://www.zillow.com/wauwatosa-wi/sold/2_p/?searchQueryState=%7B%22pagination%22%3A%7B%22currentPage%22%3A2%7D%2C%22mapBounds%22%3A%7B%22west%22%3A-88.03361892700195%2C%22east%22%3A-87.9759407043457%2C%22south%22%3A43.04602857339023%2C%22north%22%3A43.06264859104245%7D%2C%22mapZoom%22%3A14%2C%22regionSelection%22%3A%5B%7B%22regionId%22%3A7794%2C%22regionType%22%3A6%7D%5D%2C%22isMapVisible%22%3Atrue%2C%22filterState%22%3A%7B%22fore%22%3A%7B%22value%22%3Afalse%7D%2C%22ah%22%3A%7B%22value%22%3Atrue%7D%2C%22sort%22%3A%7B%22value%22%3A%22days%22%7D%2C%22auc%22%3A%7B%22value%22%3Afalse%7D%2C%22nc%22%3A%7B%22value%22%3Afalse%7D%2C%22rs%22%3A%7B%22value%22%3Atrue%7D%2C%22fsbo%22%3A%7B%22value%22%3Afalse%7D%2C%22cmsn%22%3A%7B%22value%22%3Afalse%7D%2C%22fsba%22%3A%7B%22value%22%3Afalse%7D%7D%2C%22isListVisible%22%3Atrue%7D,,https://www.zillow.com/homedetails/2378-N-86th-St-Wauwatosa-WI-53226/110703157_zpid/,": $240,000","2378 North 86th St, Wauwatosa, WI 53226",3 bd,1 ba,"2,003 sqft","Sold: $240,000Sold on 11/03/22Zestimate®: $253,200"
1680470688-75,https://www.zillow.com/wauwatosa-wi/sold/2_p/?searchQueryState=%7B%22pagination%22%3A%7B%22currentPage%22%3A2%7D%2C%22mapBounds%22%3A%7B%22west%22%3A-88.03361892700195%2C%22east%22%3A-87.9759407043457%2C%22south%22%3A43.04602857339023%2C%22north%22%3A43.06264859104245%7D%2C%22mapZoom%22%3A14%2C%22regionSelection%22%3A%5B%7B%22regionId%22%3A7794%2C%22regionType%22%3A6%7D%5D%2C%22isMapVisible%22%3Atrue%2C%22filterState%22%3A%7B%22fore%22%3A%7B%22value%22%3Afalse%7D%2C%22ah%22%3A%7B%22value%22%3Atrue%7D%2C%22sort%22%3A%7B%22value%22%3A%22days%22%7D%2C%22auc%22%3A%7B%22value%22%3Afalse%7D%2C%22nc%22%3A%7B%22value%22%3Afalse%7D%2C%22rs%22%3A%7B%22value%22%3Atrue%7D%2C%22fsbo%22%3A%7B%22value%22%3Afalse%7D%2C%22cmsn%22%3A%7B%22value%22%3Afalse%7D%2C%22fsba%22%3A%7B%22value%22%3Afalse%7D%7D%2C%22isListVisible%22%3Atrue%7D,,https://www.zillow.com/homedetails/2053-N-84th-St-Wauwatosa-WI-53226/97305397_zpid/,": $280,000","2053 North 84th St, Wauwatosa, WI 53226",4 bd,2 ba,"1,247 sqft","Sold: $280,000Sold on 11/03/22Zestimate®: $147,700"
1680470693-76,https://www.zillow.com/wauwatosa-wi/sold/2_p/?searchQueryState=%7B%22pagination%22%3A%7B%22currentPage%22%3A2%7D%2C%22mapBounds%22%3A%7B%22west%22%3A-88.03361892700195%2C%22east%22%3A-87.9759407043457%2C%22south%22%3A43.04602857339023%2C%22north%22%3A43.06264859104245%7D%2C%22mapZoom%22%3A14%2C%22regionSelection%22%3A%5B%7B%22regionId%22%3A7794%2C%22regionType%22%3A6%7D%5D%2C%22isMapVisible%22%3Atrue%2C%22filterState%22%3A%7B%22fore%22%3A%7B%22value%22%3Afalse%7D%2C%22ah%22%3A%7B%22value%22%3Atrue%7D%2C%22sort%22%3A%7B%22value%22%3A%22days%22%7D%2C%22auc%22%3A%7B%22value%22%3Afalse%7D%2C%22nc%22%3A%7B%22value%22%3Afalse%7D%2C%22rs%22%3A%7B%22value%22%3Atrue%7D%2C%22fsbo%22%3A%7B%22value%22%3Afalse%7D%2C%22cmsn%22%3A%7B%22value%22%3Afalse%7D%2C%22fsba%22%3A%7B%22value%22%3Afalse%7D%7D%2C%22isListVisible%22%3Atrue%7D,,https://www.zillow.com/homedetails/2008-N-81st-St-Wauwatosa-WI-53213/110715182_zpid/,": $180,000","2008 N 81st St, Wauwatosa, WI 53213",5 bd,null,null,"Sold: $180,000Sold on 11/04/22Zestimate®: $427,800"
1680470699-77,https://www.zillow.com/wauwatosa-wi/sold/2_p/?searchQueryState=%7B%22pagination%22%3A%7B%22currentPage%22%3A2%7D%2C%22mapBounds%22%3A%7B%22west%22%3A-88.03361892700195%2C%22east%22%3A-87.9759407043457%2C%22south%22%3A43.04602857339023%2C%22north%22%3A43.06264859104245%7D%2C%22mapZoom%22%3A14%2C%22regionSelection%22%3A%5B%7B%22regionId%22%3A7794%2C%22regionType%22%3A6%7D%5D%2C%22isMapVisible%22%3Atrue%2C%22filterState%22%3A%7B%22fore%22%3A%7B%22value%22%3Afalse%7D%2C%22ah%22%3A%7B%22value%22%3Atrue%7D%2C%22sort%22%3A%7B%22value%22%3A%22days%22%7D%2C%22auc%22%3A%7B%22value%22%3Afalse%7D%2C%22nc%22%3A%7B%22value%22%3Afalse%7D%2C%22rs%22%3A%7B%22value%22%3Atrue%7D%2C%22fsbo%22%3A%7B%22value%22%3Afalse%7D%2C%22cmsn%22%3A%7B%22value%22%3Afalse%7D%2C%22fsba%22%3A%7B%22value%22%3Afalse%7D%7D%2C%22isListVisible%22%3Atrue%7D,,https://www.zillow.com/homedetails/1615-Mountain-Ave-Wauwatosa-WI-53213/110736018_zpid/,": $492,500","1615 Mountain Ave, Wauwatosa, WI 53213",3 bd,2 ba,"1,696 sqft","Sold: $492,500Sold on 11/07/22Zestimate®: $519,500"
1680470704-78,https://www.zillow.com/wauwatosa-wi/sold/2_p/?searchQueryState=%7B%22pagination%22%3A%7B%22currentPage%22%3A2%7D%2C%22mapBounds%22%3A%7B%22west%22%3A-88.03361892700195%2C%22east%22%3A-87.9759407043457%2C%22south%22%3A43.04602857339023%2C%22north%22%3A43.06264859104245%7D%2C%22mapZoom%22%3A14%2C%22regionSelection%22%3A%5B%7B%22regionId%22%3A7794%2C%22regionType%22%3A6%7D%5D%2C%22isMapVisible%22%3Atrue%2C%22filterState%22%3A%7B%22fore%22%3A%7B%22value%22%3Afalse%7D%2C%22ah%22%3A%7B%22value%22%3Atrue%7D%2C%22sort%22%3A%7B%22value%22%3A%22days%22%7D%2C%22auc%22%3A%7B%22value%22%3Afalse%7D%2C%22nc%22%3A%7B%22value%22%3Afalse%7D%2C%22rs%22%3A%7B%22value%22%3Atrue%7D%2C%22fsbo%22%3A%7B%22value%22%3Afalse%7D%2C%22cmsn%22%3A%7B%22value%22%3Afalse%7D%2C%22fsba%22%3A%7B%22value%22%3Afalse%7D%7D%2C%22isListVisible%22%3Atrue%7D,,https://www.zillow.com/homedetails/1625-N-70th-St-1627-Milwaukee-WI-53213/2061438707_zpid/,": $427,500","1625 North 70th St UNIT 1627, Wauwatosa, WI 53213",6 bd,4 ba,"2,730 sqft","Sold: $427,500Sold on 11/09/22Zestimate®: None HelpHelp"
1680470709-79,https://www.zillow.com/wauwatosa-wi/sold/2_p/?searchQueryState=%7B%22pagination%22%3A%7B%22currentPage%22%3A2%7D%2C%22mapBounds%22%3A%7B%22west%22%3A-88.03361892700195%2C%22east%22%3A-87.9759407043457%2C%22south%22%3A43.04602857339023%2C%22north%22%3A43.06264859104245%7D%2C%22mapZoom%22%3A14%2C%22regionSelection%22%3A%5B%7B%22regionId%22%3A7794%2C%22regionType%22%3A6%7D%5D%2C%22isMapVisible%22%3Atrue%2C%22filterState%22%3A%7B%22fore%22%3A%7B%22value%22%3Afalse%7D%2C%22ah%22%3A%7B%22value%22%3Atrue%7D%2C%22sort%22%3A%7B%22value%22%3A%22days%22%7D%2C%22auc%22%3A%7B%22value%22%3Afalse%7D%2C%22nc%22%3A%7B%22value%22%3Afalse%7D%2C%22rs%22%3A%7B%22value%22%3Atrue%7D%2C%22fsbo%22%3A%7B%22value%22%3Afalse%7D%2C%22cmsn%22%3A%7B%22value%22%3Afalse%7D%2C%22fsba%22%3A%7B%22value%22%3Afalse%7D%7D%2C%22isListVisible%22%3Atrue%7D,,https://www.zillow.com/homedetails/2249-N-63rd-St-1TY71J4O9Y-Milwaukee-WI-53213/2058848950_zpid/,": $380,000","2249 North 63rd 1TY71J4O9YNF, Wauwatosa, WI 53213",3 bd,2 ba,"1,524 sqft","Sold: $380,000Sold on 11/10/22Zestimate®: None HelpHelp"
1680470715-80,https://www.zillow.com/wauwatosa-wi/sold/2_p/?searchQueryState=%7B%22pagination%22%3A%7B%22currentPage%22%3A2%7D%2C%22mapBounds%22%3A%7B%22west%22%3A-88.03361892700195%2C%22east%22%3A-87.9759407043457%2C%22south%22%3A43.04602857339023%2C%22north%22%3A43.06264859104245%7D%2C%22mapZoom%22%3A14%2C%22regionSelection%22%3A%5B%7B%22regionId%22%3A7794%2C%22regionType%22%3A6%7D%5D%2C%22isMapVisible%22%3Atrue%2C%22filterState%22%3A%7B%22fore%22%3A%7B%22value%22%3Afalse%7D%2C%22ah%22%3A%7B%22value%22%3Atrue%7D%2C%22sort%22%3A%7B%22value%22%3A%22days%22%7D%2C%22auc%22%3A%7B%22value%22%3Afalse%7D%2C%22nc%22%3A%7B%22value%22%3Afalse%7D%2C%22rs%22%3A%7B%22value%22%3Atrue%7D%2C%22fsbo%22%3A%7B%22value%22%3Afalse%7D%2C%22cmsn%22%3A%7B%22value%22%3Afalse%7D%2C%22fsba%22%3A%7B%22value%22%3Afalse%7D%7D%2C%22isListVisible%22%3Atrue%7D,,https://www.zillow.com/homedetails/1849-Underwood-Ave-Wauwatosa-WI-53213/110757468_zpid/,": $447,000","1849 Underwood Ave, Wauwatosa, WI 53213",3 bd,2 ba,"1,524 sqft","Sold: $447,000Sold on 11/10/22Zestimate®: $472,200"
1680470721-81,https://www.zillow.com/wauwatosa-wi/sold/2_p/?searchQueryState=%7B%22pagination%22%3A%7B%22currentPage%22%3A2%7D%2C%22mapBounds%22%3A%7B%22west%22%3A-88.03361892700195%2C%22east%22%3A-87.9759407043457%2C%22south%22%3A43.04602857339023%2C%22north%22%3A43.06264859104245%7D%2C%22mapZoom%22%3A14%2C%22regionSelection%22%3A%5B%7B%22regionId%22%3A7794%2C%22regionType%22%3A6%7D%5D%2C%22isMapVisible%22%3Atrue%2C%22filterState%22%3A%7B%22fore%22%3A%7B%22value%22%3Afalse%7D%2C%22ah%22%3A%7B%22value%22%3Atrue%7D%2C%22sort%22%3A%7B%22value%22%3A%22days%22%7D%2C%22auc%22%3A%7B%22value%22%3Afalse%7D%2C%22nc%22%3A%7B%22value%22%3Afalse%7D%2C%22rs%22%3A%7B%22value%22%3Atrue%7D%2C%22fsbo%22%3A%7B%22value%22%3Afalse%7D%2C%22cmsn%22%3A%7B%22value%22%3Afalse%7D%2C%22fsba%22%3A%7B%22value%22%3Afalse%7D%7D%2C%22isListVisible%22%3Atrue%7D,,https://www.zillow.com/homedetails/1651-Mountain-Ave-Wauwatosa-WI-53213/99400351_zpid/,": $632,000","1651 Mountain Ave, Wauwatosa, WI 53213",4 bd,2 ba,"2,256 sqft","Sold: $632,000Sold on 11/10/22Zestimate®: $666,900"
1680470726-82,https://www.zillow.com/wauwatosa-wi/sold/2_p/?searchQueryState=%7B%22pagination%22%3A%7B%22currentPage%22%3A2%7D%2C%22mapBounds%22%3A%7B%22west%22%3A-88.03361892700195%2C%22east%22%3A-87.9759407043457%2C%22south%22%3A43.04602857339023%2C%22north%22%3A43.06264859104245%7D%2C%22mapZoom%22%3A14%2C%22regionSelection%22%3A%5B%7B%22regionId%22%3A7794%2C%22regionType%22%3A6%7D%5D%2C%22isMapVisible%22%3Atrue%2C%22filterState%22%3A%7B%22fore%22%3A%7B%22value%22%3Afalse%7D%2C%22ah%22%3A%7B%22value%22%3Atrue%7D%2C%22sort%22%3A%7B%22value%22%3A%22days%22%7D%2C%22auc%22%3A%7B%22value%22%3Afalse%7D%2C%22nc%22%3A%7B%22value%22%3Afalse%7D%2C%22rs%22%3A%7B%22value%22%3Atrue%7D%2C%22fsbo%22%3A%7B%22value%22%3Afalse%7D%2C%22cmsn%22%3A%7B%22value%22%3Afalse%7D%2C%22fsba%22%3A%7B%22value%22%3Afalse%7D%7D%2C%22isListVisible%22%3Atrue%7D,,https://www.zillow.com/homedetails/6028-W-Vliet-St-Wauwatosa-WI-53213/110731009_zpid/,": $367,500","6028 W Vliet St, Wauwatosa, WI 53213",#NAME?,null,null,"Sold: $367,500Sold on 11/14/22Zestimate®: $470,800"
1680470732-83,https://www.zillow.com/wauwatosa-wi/sold/2_p/?searchQueryState=%7B%22pagination%22%3A%7B%22currentPage%22%3A2%7D%2C%22mapBounds%22%3A%7B%22west%22%3A-88.03361892700195%2C%22east%22%3A-87.9759407043457%2C%22south%22%3A43.04602857339023%2C%22north%22%3A43.06264859104245%7D%2C%22mapZoom%22%3A14%2C%22regionSelection%22%3A%5B%7B%22regionId%22%3A7794%2C%22regionType%22%3A6%7D%5D%2C%22isMapVisible%22%3Atrue%2C%22filterState%22%3A%7B%22fore%22%3A%7B%22value%22%3Afalse%7D%2C%22ah%22%3A%7B%22value%22%3Atrue%7D%2C%22sort%22%3A%7B%22value%22%3A%22days%22%7D%2C%22auc%22%3A%7B%22value%22%3Afalse%7D%2C%22nc%22%3A%7B%22value%22%3Afalse%7D%2C%22rs%22%3A%7B%22value%22%3Atrue%7D%2C%22fsbo%22%3A%7B%22value%22%3Afalse%7D%2C%22cmsn%22%3A%7B%22value%22%3Afalse%7D%2C%22fsba%22%3A%7B%22value%22%3Afalse%7D%7D%2C%22isListVisible%22%3Atrue%7D,,https://www.zillow.com/homedetails/1924-N-81st-St-Wauwatosa-WI-53213/110724903_zpid/,": $400,000","1924 North 81st St, Milwaukee, WI 53213",4 bd,1 ba,"1,716 sqft","Sold: $400,000Sold on 11/14/22Zestimate®: $422,100"
1680470892-84,https://www.zillow.com/wauwatosa-wi/sold/3_p/?searchQueryState=%7B%22pagination%22%3A%7B%22currentPage%22%3A3%7D%2C%22mapBounds%22%3A%7B%22west%22%3A-88.03361892700195%2C%22east%22%3A-87.9759407043457%2C%22south%22%3A43.04602857339023%2C%22north%22%3A43.06264859104245%7D%2C%22mapZoom%22%3A14%2C%22regionSelection%22%3A%5B%7B%22regionId%22%3A7794%2C%22regionType%22%3A6%7D%5D%2C%22isMapVisible%22%3Atrue%2C%22filterState%22%3A%7B%22fore%22%3A%7B%22value%22%3Afalse%7D%2C%22ah%22%3A%7B%22value%22%3Atrue%7D%2C%22sort%22%3A%7B%22value%22%3A%22days%22%7D%2C%22auc%22%3A%7B%22value%22%3Afalse%7D%2C%22nc%22%3A%7B%22value%22%3Afalse%7D%2C%22rs%22%3A%7B%22value%22%3Atrue%7D%2C%22fsbo%22%3A%7B%22value%22%3Afalse%7D%2C%22cmsn%22%3A%7B%22value%22%3Afalse%7D%2C%22fsba%22%3A%7B%22value%22%3Afalse%7D%7D%2C%22isListVisible%22%3Atrue%7D,,https://www.zillow.com/homedetails/8023-W-North-Ave-APT-3-Wauwatosa-WI-53213/110738551_zpid/,": $153,000","8023 West North Ave UNIT 3, Wauwatosa, WI 53213",2 bd,1 ba,847 sqft,"Sold: $153,000Sold on 07/28/22Zestimate®: $159,000"
1680470898-85,https://www.zillow.com/wauwatosa-wi/sold/3_p/?searchQueryState=%7B%22pagination%22%3A%7B%22currentPage%22%3A3%7D%2C%22mapBounds%22%3A%7B%22west%22%3A-88.03361892700195%2C%22east%22%3A-87.9759407043457%2C%22south%22%3A43.04602857339023%2C%22north%22%3A43.06264859104245%7D%2C%22mapZoom%22%3A14%2C%22regionSelection%22%3A%5B%7B%22regionId%22%3A7794%2C%22regionType%22%3A6%7D%5D%2C%22isMapVisible%22%3Atrue%2C%22filterState%22%3A%7B%22fore%22%3A%7B%22value%22%3Afalse%7D%2C%22ah%22%3A%7B%22value%22%3Atrue%7D%2C%22sort%22%3A%7B%22value%22%3A%22days%22%7D%2C%22auc%22%3A%7B%22value%22%3Afalse%7D%2C%22nc%22%3A%7B%22value%22%3Afalse%7D%2C%22rs%22%3A%7B%22value%22%3Atrue%7D%2C%22fsbo%22%3A%7B%22value%22%3Afalse%7D%2C%22cmsn%22%3A%7B%22value%22%3Afalse%7D%2C%22fsba%22%3A%7B%22value%22%3Afalse%7D%7D%2C%22isListVisible%22%3Atrue%7D,,https://www.zillow.com/homedetails/2244-N-72nd-St-Wauwatosa-WI-53213/110757195_zpid/,": $412,500","2244 North 72nd St, Wauwatosa, WI 53213",3 bd,3 ba,"2,166 sqft","Sold: $412,500Sold on 07/29/22Zestimate®: $430,000"
1680470903-86,https://www.zillow.com/wauwatosa-wi/sold/3_p/?searchQueryState=%7B%22pagination%22%3A%7B%22currentPage%22%3A3%7D%2C%22mapBounds%22%3A%7B%22west%22%3A-88.03361892700195%2C%22east%22%3A-87.9759407043457%2C%22south%22%3A43.04602857339023%2C%22north%22%3A43.06264859104245%7D%2C%22mapZoom%22%3A14%2C%22regionSelection%22%3A%5B%7B%22regionId%22%3A7794%2C%22regionType%22%3A6%7D%5D%2C%22isMapVisible%22%3Atrue%2C%22filterState%22%3A%7B%22fore%22%3A%7B%22value%22%3Afalse%7D%2C%22ah%22%3A%7B%22value%22%3Atrue%7D%2C%22sort%22%3A%7B%22value%22%3A%22days%22%7D%2C%22auc%22%3A%7B%22value%22%3Afalse%7D%2C%22nc%22%3A%7B%22value%22%3Afalse%7D%2C%22rs%22%3A%7B%22value%22%3Atrue%7D%2C%22fsbo%22%3A%7B%22value%22%3Afalse%7D%2C%22cmsn%22%3A%7B%22value%22%3Afalse%7D%2C%22fsba%22%3A%7B%22value%22%3Afalse%7D%7D%2C%22isListVisible%22%3Atrue%7D,,https://www.zillow.com/homedetails/2167-N-71st-St-2167A-Milwaukee-WI-53213/2062987032_zpid/,": $285,000","2167 North 71st St UNIT 2167A, Wauwatosa, WI 53213",3 bd,2 ba,"1,632 sqft","Sold: $285,000Sold on 08/01/22Zestimate®: None HelpHelp"
1680470908-87,https://www.zillow.com/wauwatosa-wi/sold/3_p/?searchQueryState=%7B%22pagination%22%3A%7B%22currentPage%22%3A3%7D%2C%22mapBounds%22%3A%7B%22west%22%3A-88.03361892700195%2C%22east%22%3A-87.9759407043457%2C%22south%22%3A43.04602857339023%2C%22north%22%3A43.06264859104245%7D%2C%22mapZoom%22%3A14%2C%22regionSelection%22%3A%5B%7B%22regionId%22%3A7794%2C%22regionType%22%3A6%7D%5D%2C%22isMapVisible%22%3Atrue%2C%22filterState%22%3A%7B%22fore%22%3A%7B%22value%22%3Afalse%7D%2C%22ah%22%3A%7B%22value%22%3Atrue%7D%2C%22sort%22%3A%7B%22value%22%3A%22days%22%7D%2C%22auc%22%3A%7B%22value%22%3Afalse%7D%2C%22nc%22%3A%7B%22value%22%3Afalse%7D%2C%22rs%22%3A%7B%22value%22%3Atrue%7D%2C%22fsbo%22%3A%7B%22value%22%3Afalse%7D%2C%22cmsn%22%3A%7B%22value%22%3Afalse%7D%2C%22fsba%22%3A%7B%22value%22%3Afalse%7D%7D%2C%22isListVisible%22%3Atrue%7D,,https://www.zillow.com/homedetails/2122-N-85th-St-Wauwatosa-WI-53226/110714397_zpid/,": $512,000","2122 North 85th St, Wauwatosa, WI 53226",4 bd,2 ba,"2,017 sqft","Sold: $512,000Sold on 08/01/22Zestimate®: $533,600"
1680470913-88,https://www.zillow.com/wauwatosa-wi/sold/3_p/?searchQueryState=%7B%22pagination%22%3A%7B%22currentPage%22%3A3%7D%2C%22mapBounds%22%3A%7B%22west%22%3A-88.03361892700195%2C%22east%22%3A-87.9759407043457%2C%22south%22%3A43.04602857339023%2C%22north%22%3A43.06264859104245%7D%2C%22mapZoom%22%3A14%2C%22regionSelection%22%3A%5B%7B%22regionId%22%3A7794%2C%22regionType%22%3A6%7D%5D%2C%22isMapVisible%22%3Atrue%2C%22filterState%22%3A%7B%22fore%22%3A%7B%22value%22%3Afalse%7D%2C%22ah%22%3A%7B%22value%22%3Atrue%7D%2C%22sort%22%3A%7B%22value%22%3A%22days%22%7D%2C%22auc%22%3A%7B%22value%22%3Afalse%7D%2C%22nc%22%3A%7B%22value%22%3Afalse%7D%2C%22rs%22%3A%7B%22value%22%3Atrue%7D%2C%22fsbo%22%3A%7B%22value%22%3Afalse%7D%2C%22cmsn%22%3A%7B%22value%22%3Afalse%7D%2C%22fsba%22%3A%7B%22value%22%3Afalse%7D%7D%2C%22isListVisible%22%3Atrue%7D,,https://www.zillow.com/homedetails/2121-N-83rd-St-Wauwatosa-WI-53213/110706515_zpid/,": $515,000","2121 North 83rd St, Wauwatosa, WI 53213",3 bd,3 ba,"2,144 sqft","Sold: $515,000Sold on 08/01/22Zestimate®: $536,700"
1680470919-89,https://www.zillow.com/wauwatosa-wi/sold/3_p/?searchQueryState=%7B%22pagination%22%3A%7B%22currentPage%22%3A3%7D%2C%22mapBounds%22%3A%7B%22west%22%3A-88.03361892700195%2C%22east%22%3A-87.9759407043457%2C%22south%22%3A43.04602857339023%2C%22north%22%3A43.06264859104245%7D%2C%22mapZoom%22%3A14%2C%22regionSelection%22%3A%5B%7B%22regionId%22%3A7794%2C%22regionType%22%3A6%7D%5D%2C%22isMapVisible%22%3Atrue%2C%22filterState%22%3A%7B%22fore%22%3A%7B%22value%22%3Afalse%7D%2C%22ah%22%3A%7B%22value%22%3Atrue%7D%2C%22sort%22%3A%7B%22value%22%3A%22days%22%7D%2C%22auc%22%3A%7B%22value%22%3Afalse%7D%2C%22nc%22%3A%7B%22value%22%3Afalse%7D%2C%22rs%22%3A%7B%22value%22%3Atrue%7D%2C%22fsbo%22%3A%7B%22value%22%3Afalse%7D%2C%22cmsn%22%3A%7B%22value%22%3Afalse%7D%2C%22fsba%22%3A%7B%22value%22%3Afalse%7D%7D%2C%22isListVisible%22%3Atrue%7D,,https://www.zillow.com/homedetails/8121-Richmond-Ct-Wauwatosa-WI-53213/110712805_zpid/,": $375,000","8121 Richmond Ct, Wauwatosa, WI 53213",3 bd,2 ba,"1,338 sqft","Sold: $375,000Sold on 08/03/22Zestimate®: $390,700"
1680470925-90,https://www.zillow.com/wauwatosa-wi/sold/3_p/?searchQueryState=%7B%22pagination%22%3A%7B%22currentPage%22%3A3%7D%2C%22mapBounds%22%3A%7B%22west%22%3A-88.03361892700195%2C%22east%22%3A-87.9759407043457%2C%22south%22%3A43.04602857339023%2C%22north%22%3A43.06264859104245%7D%2C%22mapZoom%22%3A14%2C%22regionSelection%22%3A%5B%7B%22regionId%22%3A7794%2C%22regionType%22%3A6%7D%5D%2C%22isMapVisible%22%3Atrue%2C%22filterState%22%3A%7B%22fore%22%3A%7B%22value%22%3Afalse%7D%2C%22ah%22%3A%7B%22value%22%3Atrue%7D%2C%22sort%22%3A%7B%22value%22%3A%22days%22%7D%2C%22auc%22%3A%7B%22value%22%3Afalse%7D%2C%22nc%22%3A%7B%22value%22%3Afalse%7D%2C%22rs%22%3A%7B%22value%22%3Atrue%7D%2C%22fsbo%22%3A%7B%22value%22%3Afalse%7D%2C%22cmsn%22%3A%7B%22value%22%3Afalse%7D%2C%22fsba%22%3A%7B%22value%22%3Afalse%7D%7D%2C%22isListVisible%22%3Atrue%7D,,https://www.zillow.com/homedetails/2403-N-91st-St-Wauwatosa-WI-53226/110714514_zpid/,": $823,612","2403 North 91st St, Wauwatosa, WI 53226",4 bd,4 ba,"2,934 sqft","Sold: $823,612Sold on 08/04/22Zestimate®: $857,500"
1680470930-91,https://www.zillow.com/wauwatosa-wi/sold/3_p/?searchQueryState=%7B%22pagination%22%3A%7B%22currentPage%22%3A3%7D%2C%22mapBounds%22%3A%7B%22west%22%3A-88.03361892700195%2C%22east%22%3A-87.9759407043457%2C%22south%22%3A43.04602857339023%2C%22north%22%3A43.06264859104245%7D%2C%22mapZoom%22%3A14%2C%22regionSelection%22%3A%5B%7B%22regionId%22%3A7794%2C%22regionType%22%3A6%7D%5D%2C%22isMapVisible%22%3Atrue%2C%22filterState%22%3A%7B%22fore%22%3A%7B%22value%22%3Afalse%7D%2C%22ah%22%3A%7B%22value%22%3Atrue%7D%2C%22sort%22%3A%7B%22value%22%3A%22days%22%7D%2C%22auc%22%3A%7B%22value%22%3Afalse%7D%2C%22nc%22%3A%7B%22value%22%3Afalse%7D%2C%22rs%22%3A%7B%22value%22%3Atrue%7D%2C%22fsbo%22%3A%7B%22value%22%3Afalse%7D%2C%22cmsn%22%3A%7B%22value%22%3Afalse%7D%2C%22fsba%22%3A%7B%22value%22%3Afalse%7D%7D%2C%22isListVisible%22%3Atrue%7D,,https://www.zillow.com/homedetails/8427-Jackson-Park-Blvd-Wauwatosa-WI-53226/110715092_zpid/,": $525,000","8427 Jackson Park Blvd, Wauwatosa, WI 53226",3 bd,2 ba,"2,016 sqft","Sold: $525,000Sold on 08/05/22Zestimate®: $546,600"
1680470936-92,https://www.zillow.com/wauwatosa-wi/sold/3_p/?searchQueryState=%7B%22pagination%22%3A%7B%22currentPage%22%3A3%7D%2C%22mapBounds%22%3A%7B%22west%22%3A-88.03361892700195%2C%22east%22%3A-87.9759407043457%2C%22south%22%3A43.04602857339023%2C%22north%22%3A43.06264859104245%7D%2C%22mapZoom%22%3A14%2C%22regionSelection%22%3A%5B%7B%22regionId%22%3A7794%2C%22regionType%22%3A6%7D%5D%2C%22isMapVisible%22%3Atrue%2C%22filterState%22%3A%7B%22fore%22%3A%7B%22value%22%3Afalse%7D%2C%22ah%22%3A%7B%22value%22%3Atrue%7D%2C%22sort%22%3A%7B%22value%22%3A%22days%22%7D%2C%22auc%22%3A%7B%22value%22%3Afalse%7D%2C%22nc%22%3A%7B%22value%22%3Afalse%7D%2C%22rs%22%3A%7B%22value%22%3Atrue%7D%2C%22fsbo%22%3A%7B%22value%22%3Afalse%7D%2C%22cmsn%22%3A%7B%22value%22%3Afalse%7D%2C%22fsba%22%3A%7B%22value%22%3Afalse%7D%7D%2C%22isListVisible%22%3Atrue%7D,,https://www.zillow.com/homedetails/6108-Washington-Cir-Wauwatosa-WI-53213/99341908_zpid/,": $495,000","6108 Washington Cir, Wauwatosa, WI 53213",4 bd,2 ba,"2,372 sqft","Sold: $495,000Sold on 08/08/22Zestimate®: $515,800"
1680470941-93,https://www.zillow.com/wauwatosa-wi/sold/3_p/?searchQueryState=%7B%22pagination%22%3A%7B%22currentPage%22%3A3%7D%2C%22mapBounds%22%3A%7B%22west%22%3A-88.03361892700195%2C%22east%22%3A-87.9759407043457%2C%22south%22%3A43.04602857339023%2C%22north%22%3A43.06264859104245%7D%2C%22mapZoom%22%3A14%2C%22regionSelection%22%3A%5B%7B%22regionId%22%3A7794%2C%22regionType%22%3A6%7D%5D%2C%22isMapVisible%22%3Atrue%2C%22filterState%22%3A%7B%22fore%22%3A%7B%22value%22%3Afalse%7D%2C%22ah%22%3A%7B%22value%22%3Atrue%7D%2C%22sort%22%3A%7B%22value%22%3A%22days%22%7D%2C%22auc%22%3A%7B%22value%22%3Afalse%7D%2C%22nc%22%3A%7B%22value%22%3Afalse%7D%2C%22rs%22%3A%7B%22value%22%3Atrue%7D%2C%22fsbo%22%3A%7B%22value%22%3Afalse%7D%2C%22cmsn%22%3A%7B%22value%22%3Afalse%7D%2C%22fsba%22%3A%7B%22value%22%3Afalse%7D%7D%2C%22isListVisible%22%3Atrue%7D,,https://www.zillow.com/homedetails/2373-N-60th-St-Milwaukee-WI-53210/2062534148_zpid/,": $355,000","2373 North 60th St, Wauwatosa, WI 53210",4 bd,2 ba,"2,078 sqft","Sold: $355,000Sold on 08/09/22Zestimate®: None HelpHelp"
1680470948-94,https://www.zillow.com/wauwatosa-wi/sold/3_p/?searchQueryState=%7B%22pagination%22%3A%7B%22currentPage%22%3A3%7D%2C%22mapBounds%22%3A%7B%22west%22%3A-88.03361892700195%2C%22east%22%3A-87.9759407043457%2C%22south%22%3A43.04602857339023%2C%22north%22%3A43.06264859104245%7D%2C%22mapZoom%22%3A14%2C%22regionSelection%22%3A%5B%7B%22regionId%22%3A7794%2C%22regionType%22%3A6%7D%5D%2C%22isMapVisible%22%3Atrue%2C%22filterState%22%3A%7B%22fore%22%3A%7B%22value%22%3Afalse%7D%2C%22ah%22%3A%7B%22value%22%3Atrue%7D%2C%22sort%22%3A%7B%22value%22%3A%22days%22%7D%2C%22auc%22%3A%7B%22value%22%3Afalse%7D%2C%22nc%22%3A%7B%22value%22%3Afalse%7D%2C%22rs%22%3A%7B%22value%22%3Atrue%7D%2C%22fsbo%22%3A%7B%22value%22%3Afalse%7D%2C%22cmsn%22%3A%7B%22value%22%3Afalse%7D%2C%22fsba%22%3A%7B%22value%22%3Afalse%7D%7D%2C%22isListVisible%22%3Atrue%7D,,https://www.zillow.com/homedetails/1411-N-68th-St-Wauwatosa-WI-53213/110744147_zpid/,null,"1411 North 68th ST, Wauwatosa, WI 53213",null,2 ba,"1,254 sqft",null
1680470954-95,https://www.zillow.com/wauwatosa-wi/sold/3_p/?searchQueryState=%7B%22pagination%22%3A%7B%22currentPage%22%3A3%7D%2C%22mapBounds%22%3A%7B%22west%22%3A-88.03361892700195%2C%22east%22%3A-87.9759407043457%2C%22south%22%3A43.04602857339023%2C%22north%22%3A43.06264859104245%7D%2C%22mapZoom%22%3A14%2C%22regionSelection%22%3A%5B%7B%22regionId%22%3A7794%2C%22regionType%22%3A6%7D%5D%2C%22isMapVisible%22%3Atrue%2C%22filterState%22%3A%7B%22fore%22%3A%7B%22value%22%3Afalse%7D%2C%22ah%22%3A%7B%22value%22%3Atrue%7D%2C%22sort%22%3A%7B%22value%22%3A%22days%22%7D%2C%22auc%22%3A%7B%22value%22%3Afalse%7D%2C%22nc%22%3A%7B%22value%22%3Afalse%7D%2C%22rs%22%3A%7B%22value%22%3Atrue%7D%2C%22fsbo%22%3A%7B%22value%22%3Afalse%7D%2C%22cmsn%22%3A%7B%22value%22%3Afalse%7D%2C%22fsba%22%3A%7B%22value%22%3Afalse%7D%7D%2C%22isListVisible%22%3Atrue%7D,,https://www.zillow.com/homedetails/2167-N-71st-St-Wauwatosa-WI-53213/110732824_zpid/,": $285,000","2167 N 71st St, Wauwatosa, WI 53213",4 bd,2 ba,"1,632 sqft","Sold: $285,000Sold on 08/09/22Zestimate®: $296,700"
1680470960-96,https://www.zillow.com/wauwatosa-wi/sold/3_p/?searchQueryState=%7B%22pagination%22%3A%7B%22currentPage%22%3A3%7D%2C%22mapBounds%22%3A%7B%22west%22%3A-88.03361892700195%2C%22east%22%3A-87.9759407043457%2C%22south%22%3A43.04602857339023%2C%22north%22%3A43.06264859104245%7D%2C%22mapZoom%22%3A14%2C%22regionSelection%22%3A%5B%7B%22regionId%22%3A7794%2C%22regionType%22%3A6%7D%5D%2C%22isMapVisible%22%3Atrue%2C%22filterState%22%3A%7B%22fore%22%3A%7B%22value%22%3Afalse%7D%2C%22ah%22%3A%7B%22value%22%3Atrue%7D%2C%22sort%22%3A%7B%22value%22%3A%22days%22%7D%2C%22auc%22%3A%7B%22value%22%3Afalse%7D%2C%22nc%22%3A%7B%22value%22%3Afalse%7D%2C%22rs%22%3A%7B%22value%22%3Atrue%7D%2C%22fsbo%22%3A%7B%22value%22%3Afalse%7D%2C%22cmsn%22%3A%7B%22value%22%3Afalse%7D%2C%22fsba%22%3A%7B%22value%22%3Afalse%7D%7D%2C%22isListVisible%22%3Atrue%7D,,https://www.zillow.com/homedetails/2156-N-71st-St-Wauwatosa-WI-53213/110720039_zpid/,": $310,000","2156 North 71st St, Wauwatosa, WI 53213",4 bd,2 ba,"1,867 sqft","Sold: $310,000Sold on 08/09/22Zestimate®: $323,000"
1680470966-97,https://www.zillow.com/wauwatosa-wi/sold/3_p/?searchQueryState=%7B%22pagination%22%3A%7B%22currentPage%22%3A3%7D%2C%22mapBounds%22%3A%7B%22west%22%3A-88.03361892700195%2C%22east%22%3A-87.9759407043457%2C%22south%22%3A43.04602857339023%2C%22north%22%3A43.06264859104245%7D%2C%22mapZoom%22%3A14%2C%22regionSelection%22%3A%5B%7B%22regionId%22%3A7794%2C%22regionType%22%3A6%7D%5D%2C%22isMapVisible%22%3Atrue%2C%22filterState%22%3A%7B%22fore%22%3A%7B%22value%22%3Afalse%7D%2C%22ah%22%3A%7B%22value%22%3Atrue%7D%2C%22sort%22%3A%7B%22value%22%3A%22days%22%7D%2C%22auc%22%3A%7B%22value%22%3Afalse%7D%2C%22nc%22%3A%7B%22value%22%3Afalse%7D%2C%22rs%22%3A%7B%22value%22%3Atrue%7D%2C%22fsbo%22%3A%7B%22value%22%3Afalse%7D%2C%22cmsn%22%3A%7B%22value%22%3Afalse%7D%2C%22fsba%22%3A%7B%22value%22%3Afalse%7D%7D%2C%22isListVisible%22%3Atrue%7D,,https://www.zillow.com/homedetails/2343-N-90th-St-Wauwatosa-WI-53226/110713881_zpid/,": $511,000","2343 North 90th St, Wauwatosa, WI 53226",3 bd,2 ba,"1,853 sqft","Sold: $511,000Sold on 08/12/22Zestimate®: $532,000"
1680470971-98,https://www.zillow.com/wauwatosa-wi/sold/3_p/?searchQueryState=%7B%22pagination%22%3A%7B%22currentPage%22%3A3%7D%2C%22mapBounds%22%3A%7B%22west%22%3A-88.03361892700195%2C%22east%22%3A-87.9759407043457%2C%22south%22%3A43.04602857339023%2C%22north%22%3A43.06264859104245%7D%2C%22mapZoom%22%3A14%2C%22regionSelection%22%3A%5B%7B%22regionId%22%3A7794%2C%22regionType%22%3A6%7D%5D%2C%22isMapVisible%22%3Atrue%2C%22filterState%22%3A%7B%22fore%22%3A%7B%22value%22%3Afalse%7D%2C%22ah%22%3A%7B%22value%22%3Atrue%7D%2C%22sort%22%3A%7B%22value%22%3A%22days%22%7D%2C%22auc%22%3A%7B%22value%22%3Afalse%7D%2C%22nc%22%3A%7B%22value%22%3Afalse%7D%2C%22rs%22%3A%7B%22value%22%3Atrue%7D%2C%22fsbo%22%3A%7B%22value%22%3Afalse%7D%2C%22cmsn%22%3A%7B%22value%22%3Afalse%7D%2C%22fsba%22%3A%7B%22value%22%3Afalse%7D%7D%2C%22isListVisible%22%3Atrue%7D,,https://www.zillow.com/homedetails/1805-N-83rd-St-Wauwatosa-WI-53213/110702523_zpid/,": $300,000","1805 North 83rd St, Wauwatosa, WI 53213",3 bd,2 ba,"1,888 sqft","Sold: $300,000Sold on 08/12/22Zestimate®: $312,500"
1680470977-99,https://www.zillow.com/wauwatosa-wi/sold/3_p/?searchQueryState=%7B%22pagination%22%3A%7B%22currentPage%22%3A3%7D%2C%22mapBounds%22%3A%7B%22west%22%3A-88.03361892700195%2C%22east%22%3A-87.9759407043457%2C%22south%22%3A43.04602857339023%2C%22north%22%3A43.06264859104245%7D%2C%22mapZoom%22%3A14%2C%22regionSelection%22%3A%5B%7B%22regionId%22%3A7794%2C%22regionType%22%3A6%7D%5D%2C%22isMapVisible%22%3Atrue%2C%22filterState%22%3A%7B%22fore%22%3A%7B%22value%22%3Afalse%7D%2C%22ah%22%3A%7B%22value%22%3Atrue%7D%2C%22sort%22%3A%7B%22value%22%3A%22days%22%7D%2C%22auc%22%3A%7B%22value%22%3Afalse%7D%2C%22nc%22%3A%7B%22value%22%3Afalse%7D%2C%22rs%22%3A%7B%22value%22%3Atrue%7D%2C%22fsbo%22%3A%7B%22value%22%3Afalse%7D%2C%22cmsn%22%3A%7B%22value%22%3Afalse%7D%2C%22fsba%22%3A%7B%22value%22%3Afalse%7D%7D%2C%22isListVisible%22%3Atrue%7D,,https://www.zillow.com/homedetails/2138-N-62nd-St-Wauwatosa-WI-53213/110746245_zpid/,": $375,000","2138 North 62nd St, Wauwatosa, WI 53213",4 bd,2 ba,"2,298 sqft","Sold: $375,000Sold on 08/15/22Zestimate®: $390,600"
1680470982-100,https://www.zillow.com/wauwatosa-wi/sold/3_p/?searchQueryState=%7B%22pagination%22%3A%7B%22currentPage%22%3A3%7D%2C%22mapBounds%22%3A%7B%22west%22%3A-88.03361892700195%2C%22east%22%3A-87.9759407043457%2C%22south%22%3A43.04602857339023%2C%22north%22%3A43.06264859104245%7D%2C%22mapZoom%22%3A14%2C%22regionSelection%22%3A%5B%7B%22regionId%22%3A7794%2C%22regionType%22%3A6%7D%5D%2C%22isMapVisible%22%3Atrue%2C%22filterState%22%3A%7B%22fore%22%3A%7B%22value%22%3Afalse%7D%2C%22ah%22%3A%7B%22value%22%3Atrue%7D%2C%22sort%22%3A%7B%22value%22%3A%22days%22%7D%2C%22auc%22%3A%7B%22value%22%3Afalse%7D%2C%22nc%22%3A%7B%22value%22%3Afalse%7D%2C%22rs%22%3A%7B%22value%22%3Atrue%7D%2C%22fsbo%22%3A%7B%22value%22%3Afalse%7D%2C%22cmsn%22%3A%7B%22value%22%3Afalse%7D%2C%22fsba%22%3A%7B%22value%22%3Afalse%7D%7D%2C%22isListVisible%22%3Atrue%7D,,https://www.zillow.com/homedetails/1822-N-69th-St-Wauwatosa-WI-53213/110707210_zpid/,": $827,500","1822 North 69th St, Wauwatosa, WI 53213",5 bd,4 ba,"3,579 sqft","Sold: $827,500Sold on 08/16/22Zestimate®: $861,400"
1680470988-101,https://www.zillow.com/wauwatosa-wi/sold/3_p/?searchQueryState=%7B%22pagination%22%3A%7B%22currentPage%22%3A3%7D%2C%22mapBounds%22%3A%7B%22west%22%3A-88.03361892700195%2C%22east%22%3A-87.9759407043457%2C%22south%22%3A43.04602857339023%2C%22north%22%3A43.06264859104245%7D%2C%22mapZoom%22%3A14%2C%22regionSelection%22%3A%5B%7B%22regionId%22%3A7794%2C%22regionType%22%3A6%7D%5D%2C%22isMapVisible%22%3Atrue%2C%22filterState%22%3A%7B%22fore%22%3A%7B%22value%22%3Afalse%7D%2C%22ah%22%3A%7B%22value%22%3Atrue%7D%2C%22sort%22%3A%7B%22value%22%3A%22days%22%7D%2C%22auc%22%3A%7B%22value%22%3Afalse%7D%2C%22nc%22%3A%7B%22value%22%3Afalse%7D%2C%22rs%22%3A%7B%22value%22%3Atrue%7D%2C%22fsbo%22%3A%7B%22value%22%3Afalse%7D%2C%22cmsn%22%3A%7B%22value%22%3Afalse%7D%2C%22fsba%22%3A%7B%22value%22%3Afalse%7D%7D%2C%22isListVisible%22%3Atrue%7D,,https://www.zillow.com/homedetails/9323-Beverly-Pl-Wauwatosa-WI-53226/110743509_zpid/,": $455,000","9323 Beverly Pl, Wauwatosa, WI 53226",3 bd,2 ba,"2,028 sqft","Sold: $455,000Sold on 08/17/22Zestimate®: $451,500"
1680470993-102,https://www.zillow.com/wauwatosa-wi/sold/3_p/?searchQueryState=%7B%22pagination%22%3A%7B%22currentPage%22%3A3%7D%2C%22mapBounds%22%3A%7B%22west%22%3A-88.03361892700195%2C%22east%22%3A-87.9759407043457%2C%22south%22%3A43.04602857339023%2C%22north%22%3A43.06264859104245%7D%2C%22mapZoom%22%3A14%2C%22regionSelection%22%3A%5B%7B%22regionId%22%3A7794%2C%22regionType%22%3A6%7D%5D%2C%22isMapVisible%22%3Atrue%2C%22filterState%22%3A%7B%22fore%22%3A%7B%22value%22%3Afalse%7D%2C%22ah%22%3A%7B%22value%22%3Atrue%7D%2C%22sort%22%3A%7B%22value%22%3A%22days%22%7D%2C%22auc%22%3A%7B%22value%22%3Afalse%7D%2C%22nc%22%3A%7B%22value%22%3Afalse%7D%2C%22rs%22%3A%7B%22value%22%3Atrue%7D%2C%22fsbo%22%3A%7B%22value%22%3Afalse%7D%2C%22cmsn%22%3A%7B%22value%22%3Afalse%7D%2C%22fsba%22%3A%7B%22value%22%3Afalse%7D%7D%2C%22isListVisible%22%3Atrue%7D,,https://www.zillow.com/homedetails/8125-W-Woodland-Ave-Wauwatosa-WI-53213/108865495_zpid/,": $421,000","8125 West Woodland Ave, Wauwatosa, WI 53213",3 bd,2 ba,"2,111 sqft","Sold: $421,000Sold on 08/19/22Zestimate®: $438,400"
1680470998-103,https://www.zillow.com/wauwatosa-wi/sold/3_p/?searchQueryState=%7B%22pagination%22%3A%7B%22currentPage%22%3A3%7D%2C%22mapBounds%22%3A%7B%22west%22%3A-88.03361892700195%2C%22east%22%3A-87.9759407043457%2C%22south%22%3A43.04602857339023%2C%22north%22%3A43.06264859104245%7D%2C%22mapZoom%22%3A14%2C%22regionSelection%22%3A%5B%7B%22regionId%22%3A7794%2C%22regionType%22%3A6%7D%5D%2C%22isMapVisible%22%3Atrue%2C%22filterState%22%3A%7B%22fore%22%3A%7B%22value%22%3Afalse%7D%2C%22ah%22%3A%7B%22value%22%3Atrue%7D%2C%22sort%22%3A%7B%22value%22%3A%22days%22%7D%2C%22auc%22%3A%7B%22value%22%3Afalse%7D%2C%22nc%22%3A%7B%22value%22%3Afalse%7D%2C%22rs%22%3A%7B%22value%22%3Atrue%7D%2C%22fsbo%22%3A%7B%22value%22%3Afalse%7D%2C%22cmsn%22%3A%7B%22value%22%3Afalse%7D%2C%22fsba%22%3A%7B%22value%22%3Afalse%7D%7D%2C%22isListVisible%22%3Atrue%7D,,https://www.zillow.com/homedetails/6709-W-Lloyd-St-6711-Milwaukee-WI-53213/2066661227_zpid/,": $435,000","6709 West Lloyd St UNIT 6711, Wauwatosa, WI 53213",4 bd,2 ba,"2,420 sqft","Sold: $435,000Sold on 08/23/22Zestimate®: None HelpHelp"
1680471004-104,https://www.zillow.com/wauwatosa-wi/sold/3_p/?searchQueryState=%7B%22pagination%22%3A%7B%22currentPage%22%3A3%7D%2C%22mapBounds%22%3A%7B%22west%22%3A-88.03361892700195%2C%22east%22%3A-87.9759407043457%2C%22south%22%3A43.04602857339023%2C%22north%22%3A43.06264859104245%7D%2C%22mapZoom%22%3A14%2C%22regionSelection%22%3A%5B%7B%22regionId%22%3A7794%2C%22regionType%22%3A6%7D%5D%2C%22isMapVisible%22%3Atrue%2C%22filterState%22%3A%7B%22fore%22%3A%7B%22value%22%3Afalse%7D%2C%22ah%22%3A%7B%22value%22%3Atrue%7D%2C%22sort%22%3A%7B%22value%22%3A%22days%22%7D%2C%22auc%22%3A%7B%22value%22%3Afalse%7D%2C%22nc%22%3A%7B%22value%22%3Afalse%7D%2C%22rs%22%3A%7B%22value%22%3Atrue%7D%2C%22fsbo%22%3A%7B%22value%22%3Afalse%7D%2C%22cmsn%22%3A%7B%22value%22%3Afalse%7D%2C%22fsba%22%3A%7B%22value%22%3Afalse%7D%7D%2C%22isListVisible%22%3Atrue%7D,,https://www.zillow.com/homedetails/1292-N-63rd-St-Wauwatosa-WI-53213/110752182_zpid/,": $370,000","1292 North 63rd St, Wauwatosa, WI 53213",4 bd,2 ba,"2,782 sqft","Sold: $370,000Sold on 08/26/22Zestimate®: $385,200"
1680471010-105,https://www.zillow.com/wauwatosa-wi/sold/3_p/?searchQueryState=%7B%22pagination%22%3A%7B%22currentPage%22%3A3%7D%2C%22mapBounds%22%3A%7B%22west%22%3A-88.03361892700195%2C%22east%22%3A-87.9759407043457%2C%22south%22%3A43.04602857339023%2C%22north%22%3A43.06264859104245%7D%2C%22mapZoom%22%3A14%2C%22regionSelection%22%3A%5B%7B%22regionId%22%3A7794%2C%22regionType%22%3A6%7D%5D%2C%22isMapVisible%22%3Atrue%2C%22filterState%22%3A%7B%22fore%22%3A%7B%22value%22%3Afalse%7D%2C%22ah%22%3A%7B%22value%22%3Atrue%7D%2C%22sort%22%3A%7B%22value%22%3A%22days%22%7D%2C%22auc%22%3A%7B%22value%22%3Afalse%7D%2C%22nc%22%3A%7B%22value%22%3Afalse%7D%2C%22rs%22%3A%7B%22value%22%3Atrue%7D%2C%22fsbo%22%3A%7B%22value%22%3Afalse%7D%2C%22cmsn%22%3A%7B%22value%22%3Afalse%7D%2C%22fsba%22%3A%7B%22value%22%3Afalse%7D%7D%2C%22isListVisible%22%3Atrue%7D,,https://www.zillow.com/homedetails/2356-N-86th-St-Wauwatosa-WI-53226/110750933_zpid/,": $320,000","2356 North 86th St, Wauwatosa, WI 53226",2 bd,2 ba,"1,572 sqft","Sold: $320,000Sold on 08/26/22Zestimate®: $333,100"
1680471016-106,https://www.zillow.com/wauwatosa-wi/sold/3_p/?searchQueryState=%7B%22pagination%22%3A%7B%22currentPage%22%3A3%7D%2C%22mapBounds%22%3A%7B%22west%22%3A-88.03361892700195%2C%22east%22%3A-87.9759407043457%2C%22south%22%3A43.04602857339023%2C%22north%22%3A43.06264859104245%7D%2C%22mapZoom%22%3A14%2C%22regionSelection%22%3A%5B%7B%22regionId%22%3A7794%2C%22regionType%22%3A6%7D%5D%2C%22isMapVisible%22%3Atrue%2C%22filterState%22%3A%7B%22fore%22%3A%7B%22value%22%3Afalse%7D%2C%22ah%22%3A%7B%22value%22%3Atrue%7D%2C%22sort%22%3A%7B%22value%22%3A%22days%22%7D%2C%22auc%22%3A%7B%22value%22%3Afalse%7D%2C%22nc%22%3A%7B%22value%22%3Afalse%7D%2C%22rs%22%3A%7B%22value%22%3Atrue%7D%2C%22fsbo%22%3A%7B%22value%22%3Afalse%7D%2C%22cmsn%22%3A%7B%22value%22%3Afalse%7D%2C%22fsba%22%3A%7B%22value%22%3Afalse%7D%7D%2C%22isListVisible%22%3Atrue%7D,,https://www.zillow.com/homedetails/9020-W-North-Ave-Wauwatosa-WI-53226/110733963_zpid/,": $800,000","9020 West North Ave, Wauwatosa, WI 53226",#NAME?,null,null,"Sold: $800,000Sold on 08/26/22Zestimate®: None HelpHelp"
1680471023-107,https://www.zillow.com/wauwatosa-wi/sold/3_p/?searchQueryState=%7B%22pagination%22%3A%7B%22currentPage%22%3A3%7D%2C%22mapBounds%22%3A%7B%22west%22%3A-88.03361892700195%2C%22east%22%3A-87.9759407043457%2C%22south%22%3A43.04602857339023%2C%22north%22%3A43.06264859104245%7D%2C%22mapZoom%22%3A14%2C%22regionSelection%22%3A%5B%7B%22regionId%22%3A7794%2C%22regionType%22%3A6%7D%5D%2C%22isMapVisible%22%3Atrue%2C%22filterState%22%3A%7B%22fore%22%3A%7B%22value%22%3Afalse%7D%2C%22ah%22%3A%7B%22value%22%3Atrue%7D%2C%22sort%22%3A%7B%22value%22%3A%22days%22%7D%2C%22auc%22%3A%7B%22value%22%3Afalse%7D%2C%22nc%22%3A%7B%22value%22%3Afalse%7D%2C%22rs%22%3A%7B%22value%22%3Atrue%7D%2C%22fsbo%22%3A%7B%22value%22%3Afalse%7D%2C%22cmsn%22%3A%7B%22value%22%3Afalse%7D%2C%22fsba%22%3A%7B%22value%22%3Afalse%7D%7D%2C%22isListVisible%22%3Atrue%7D,,https://www.zillow.com/homedetails/2031-N-71st-St-Wauwatosa-WI-53213/110730825_zpid/,": $470,000","2031 North 71st St, Wauwatosa, WI 53213",3 bd,3 ba,"1,866 sqft","Sold: $470,000Sold on 08/26/22Zestimate®: $489,400"
1680471028-108,https://www.zillow.com/wauwatosa-wi/sold/3_p/?searchQueryState=%7B%22pagination%22%3A%7B%22currentPage%22%3A3%7D%2C%22mapBounds%22%3A%7B%22west%22%3A-88.03361892700195%2C%22east%22%3A-87.9759407043457%2C%22south%22%3A43.04602857339023%2C%22north%22%3A43.06264859104245%7D%2C%22mapZoom%22%3A14%2C%22regionSelection%22%3A%5B%7B%22regionId%22%3A7794%2C%22regionType%22%3A6%7D%5D%2C%22isMapVisible%22%3Atrue%2C%22filterState%22%3A%7B%22fore%22%3A%7B%22value%22%3Afalse%7D%2C%22ah%22%3A%7B%22value%22%3Atrue%7D%2C%22sort%22%3A%7B%22value%22%3A%22days%22%7D%2C%22auc%22%3A%7B%22value%22%3Afalse%7D%2C%22nc%22%3A%7B%22value%22%3Afalse%7D%2C%22rs%22%3A%7B%22value%22%3Atrue%7D%2C%22fsbo%22%3A%7B%22value%22%3Afalse%7D%2C%22cmsn%22%3A%7B%22value%22%3Afalse%7D%2C%22fsba%22%3A%7B%22value%22%3Afalse%7D%7D%2C%22isListVisible%22%3Atrue%7D,,https://www.zillow.com/homedetails/9101-W-North-Ave-Wauwatosa-WI-53226/110710014_zpid/,": $830,000","9101 West North Ave, Wauwatosa, WI 53226",#NAME?,null,null,"Sold: $830,000Sold on 08/26/22Zestimate®: None HelpHelp"
1680471034-109,https://www.zillow.com/wauwatosa-wi/sold/3_p/?searchQueryState=%7B%22pagination%22%3A%7B%22currentPage%22%3A3%7D%2C%22mapBounds%22%3A%7B%22west%22%3A-88.03361892700195%2C%22east%22%3A-87.9759407043457%2C%22south%22%3A43.04602857339023%2C%22north%22%3A43.06264859104245%7D%2C%22mapZoom%22%3A14%2C%22regionSelection%22%3A%5B%7B%22regionId%22%3A7794%2C%22regionType%22%3A6%7D%5D%2C%22isMapVisible%22%3Atrue%2C%22filterState%22%3A%7B%22fore%22%3A%7B%22value%22%3Afalse%7D%2C%22ah%22%3A%7B%22value%22%3Atrue%7D%2C%22sort%22%3A%7B%22value%22%3A%22days%22%7D%2C%22auc%22%3A%7B%22value%22%3Afalse%7D%2C%22nc%22%3A%7B%22value%22%3Afalse%7D%2C%22rs%22%3A%7B%22value%22%3Atrue%7D%2C%22fsbo%22%3A%7B%22value%22%3Afalse%7D%2C%22cmsn%22%3A%7B%22value%22%3Afalse%7D%2C%22fsba%22%3A%7B%22value%22%3Afalse%7D%7D%2C%22isListVisible%22%3Atrue%7D,,https://www.zillow.com/homedetails/1274-N-71st-St-1274A-Milwaukee-WI-53213/2062578926_zpid/,": $345,900","1274 North 71st St UNIT 1274A, Wauwatosa, WI 53213",4 bd,2 ba,"2,118 sqft","Sold: $345,900Sold on 08/29/22Zestimate®: None HelpHelp"
1680471041-110,https://www.zillow.com/wauwatosa-wi/sold/3_p/?searchQueryState=%7B%22pagination%22%3A%7B%22currentPage%22%3A3%7D%2C%22mapBounds%22%3A%7B%22west%22%3A-88.03361892700195%2C%22east%22%3A-87.9759407043457%2C%22south%22%3A43.04602857339023%2C%22north%22%3A43.06264859104245%7D%2C%22mapZoom%22%3A14%2C%22regionSelection%22%3A%5B%7B%22regionId%22%3A7794%2C%22regionType%22%3A6%7D%5D%2C%22isMapVisible%22%3Atrue%2C%22filterState%22%3A%7B%22fore%22%3A%7B%22value%22%3Afalse%7D%2C%22ah%22%3A%7B%22value%22%3Atrue%7D%2C%22sort%22%3A%7B%22value%22%3A%22days%22%7D%2C%22auc%22%3A%7B%22value%22%3Afalse%7D%2C%22nc%22%3A%7B%22value%22%3Afalse%7D%2C%22rs%22%3A%7B%22value%22%3Atrue%7D%2C%22fsbo%22%3A%7B%22value%22%3Afalse%7D%2C%22cmsn%22%3A%7B%22value%22%3Afalse%7D%2C%22fsba%22%3A%7B%22value%22%3Afalse%7D%7D%2C%22isListVisible%22%3Atrue%7D,,https://www.zillow.com/homedetails/2318-N-90th-St-Wauwatosa-WI-53226/110719764_zpid/,": $355,000","2318 North 90th St, Wauwatosa, WI 53226",2 bd,2 ba,"1,350 sqft","Sold: $355,000Sold on 08/29/22Zestimate®: $369,500"
1680471046-111,https://www.zillow.com/wauwatosa-wi/sold/3_p/?searchQueryState=%7B%22pagination%22%3A%7B%22currentPage%22%3A3%7D%2C%22mapBounds%22%3A%7B%22west%22%3A-88.03361892700195%2C%22east%22%3A-87.9759407043457%2C%22south%22%3A43.04602857339023%2C%22north%22%3A43.06264859104245%7D%2C%22mapZoom%22%3A14%2C%22regionSelection%22%3A%5B%7B%22regionId%22%3A7794%2C%22regionType%22%3A6%7D%5D%2C%22isMapVisible%22%3Atrue%2C%22filterState%22%3A%7B%22fore%22%3A%7B%22value%22%3Afalse%7D%2C%22ah%22%3A%7B%22value%22%3Atrue%7D%2C%22sort%22%3A%7B%22value%22%3A%22days%22%7D%2C%22auc%22%3A%7B%22value%22%3Afalse%7D%2C%22nc%22%3A%7B%22value%22%3Afalse%7D%2C%22rs%22%3A%7B%22value%22%3Atrue%7D%2C%22fsbo%22%3A%7B%22value%22%3Afalse%7D%2C%22cmsn%22%3A%7B%22value%22%3Afalse%7D%2C%22fsba%22%3A%7B%22value%22%3Afalse%7D%7D%2C%22isListVisible%22%3Atrue%7D,,https://www.zillow.com/homedetails/1279-Glenview-Pl-Wauwatosa-WI-53213/110742232_zpid/,": $229,000","1279 Glenview Pl, Wauwatosa, WI 53213",3 bd,2 ba,"1,408 sqft","Sold: $229,000Sold on 08/30/22Zestimate®: $238,100"
1680471052-112,https://www.zillow.com/wauwatosa-wi/sold/3_p/?searchQueryState=%7B%22pagination%22%3A%7B%22currentPage%22%3A3%7D%2C%22mapBounds%22%3A%7B%22west%22%3A-88.03361892700195%2C%22east%22%3A-87.9759407043457%2C%22south%22%3A43.04602857339023%2C%22north%22%3A43.06264859104245%7D%2C%22mapZoom%22%3A14%2C%22regionSelection%22%3A%5B%7B%22regionId%22%3A7794%2C%22regionType%22%3A6%7D%5D%2C%22isMapVisible%22%3Atrue%2C%22filterState%22%3A%7B%22fore%22%3A%7B%22value%22%3Afalse%7D%2C%22ah%22%3A%7B%22value%22%3Atrue%7D%2C%22sort%22%3A%7B%22value%22%3A%22days%22%7D%2C%22auc%22%3A%7B%22value%22%3Afalse%7D%2C%22nc%22%3A%7B%22value%22%3Afalse%7D%2C%22rs%22%3A%7B%22value%22%3Atrue%7D%2C%22fsbo%22%3A%7B%22value%22%3Afalse%7D%2C%22cmsn%22%3A%7B%22value%22%3Afalse%7D%2C%22fsba%22%3A%7B%22value%22%3Afalse%7D%7D%2C%22isListVisible%22%3Atrue%7D,,https://www.zillow.com/homedetails/2200-N-64th-St-2204-Milwaukee-WI-53213/2062280654_zpid/,": $405,000","2200 North 64th St UNIT 2204, Wauwatosa, WI 53213",4 bd,2 ba,"3,096 sqft","Sold: $405,000Sold on 08/31/22Zestimate®: None HelpHelp"
1680471057-113,https://www.zillow.com/wauwatosa-wi/sold/3_p/?searchQueryState=%7B%22pagination%22%3A%7B%22currentPage%22%3A3%7D%2C%22mapBounds%22%3A%7B%22west%22%3A-88.03361892700195%2C%22east%22%3A-87.9759407043457%2C%22south%22%3A43.04602857339023%2C%22north%22%3A43.06264859104245%7D%2C%22mapZoom%22%3A14%2C%22regionSelection%22%3A%5B%7B%22regionId%22%3A7794%2C%22regionType%22%3A6%7D%5D%2C%22isMapVisible%22%3Atrue%2C%22filterState%22%3A%7B%22fore%22%3A%7B%22value%22%3Afalse%7D%2C%22ah%22%3A%7B%22value%22%3Atrue%7D%2C%22sort%22%3A%7B%22value%22%3A%22days%22%7D%2C%22auc%22%3A%7B%22value%22%3Afalse%7D%2C%22nc%22%3A%7B%22value%22%3Afalse%7D%2C%22rs%22%3A%7B%22value%22%3Atrue%7D%2C%22fsbo%22%3A%7B%22value%22%3Afalse%7D%2C%22cmsn%22%3A%7B%22value%22%3Afalse%7D%2C%22fsba%22%3A%7B%22value%22%3Afalse%7D%7D%2C%22isListVisible%22%3Atrue%7D,,https://www.zillow.com/homedetails/6418-Washington-Cir-Wauwatosa-WI-53213/110739448_zpid/,": $700,000","6418 Washington Cir, Wauwatosa, WI 53213",3 bd,4 ba,"3,041 sqft","Sold: $700,000Sold on 08/31/22Zestimate®: $728,600"
1680471063-114,https://www.zillow.com/wauwatosa-wi/sold/3_p/?searchQueryState=%7B%22pagination%22%3A%7B%22currentPage%22%3A3%7D%2C%22mapBounds%22%3A%7B%22west%22%3A-88.03361892700195%2C%22east%22%3A-87.9759407043457%2C%22south%22%3A43.04602857339023%2C%22north%22%3A43.06264859104245%7D%2C%22mapZoom%22%3A14%2C%22regionSelection%22%3A%5B%7B%22regionId%22%3A7794%2C%22regionType%22%3A6%7D%5D%2C%22isMapVisible%22%3Atrue%2C%22filterState%22%3A%7B%22fore%22%3A%7B%22value%22%3Afalse%7D%2C%22ah%22%3A%7B%22value%22%3Atrue%7D%2C%22sort%22%3A%7B%22value%22%3A%22days%22%7D%2C%22auc%22%3A%7B%22value%22%3Afalse%7D%2C%22nc%22%3A%7B%22value%22%3Afalse%7D%2C%22rs%22%3A%7B%22value%22%3Atrue%7D%2C%22fsbo%22%3A%7B%22value%22%3Afalse%7D%2C%22cmsn%22%3A%7B%22value%22%3Afalse%7D%2C%22fsba%22%3A%7B%22value%22%3Afalse%7D%7D%2C%22isListVisible%22%3Atrue%7D,,https://www.zillow.com/homedetails/7006-W-Lloyd-St-Wauwatosa-WI-53213/110730180_zpid/,": $440,000","7006 W Lloyd St, Wauwatosa, WI 53213",5 bd,3 ba,"2,450 sqft","Sold: $440,000Sold on 08/31/22Zestimate®: $438,300"
1680471068-115,https://www.zillow.com/wauwatosa-wi/sold/3_p/?searchQueryState=%7B%22pagination%22%3A%7B%22currentPage%22%3A3%7D%2C%22mapBounds%22%3A%7B%22west%22%3A-88.03361892700195%2C%22east%22%3A-87.9759407043457%2C%22south%22%3A43.04602857339023%2C%22north%22%3A43.06264859104245%7D%2C%22mapZoom%22%3A14%2C%22regionSelection%22%3A%5B%7B%22regionId%22%3A7794%2C%22regionType%22%3A6%7D%5D%2C%22isMapVisible%22%3Atrue%2C%22filterState%22%3A%7B%22fore%22%3A%7B%22value%22%3Afalse%7D%2C%22ah%22%3A%7B%22value%22%3Atrue%7D%2C%22sort%22%3A%7B%22value%22%3A%22days%22%7D%2C%22auc%22%3A%7B%22value%22%3Afalse%7D%2C%22nc%22%3A%7B%22value%22%3Afalse%7D%2C%22rs%22%3A%7B%22value%22%3Atrue%7D%2C%22fsbo%22%3A%7B%22value%22%3Afalse%7D%2C%22cmsn%22%3A%7B%22value%22%3Afalse%7D%2C%22fsba%22%3A%7B%22value%22%3Afalse%7D%7D%2C%22isListVisible%22%3Atrue%7D,,https://www.zillow.com/homedetails/1535-Saint-Charles-St-Milwaukee-WI-53213/110735027_zpid/,": $525,000","1535 St Charles St, Wauwatosa, WI 53213",3 bd,2 ba,"2,887 sqft","Sold: $525,000Sold on 09/01/22Zestimate®: $546,500"
1680471074-116,https://www.zillow.com/wauwatosa-wi/sold/3_p/?searchQueryState=%7B%22pagination%22%3A%7B%22currentPage%22%3A3%7D%2C%22mapBounds%22%3A%7B%22west%22%3A-88.03361892700195%2C%22east%22%3A-87.9759407043457%2C%22south%22%3A43.04602857339023%2C%22north%22%3A43.06264859104245%7D%2C%22mapZoom%22%3A14%2C%22regionSelection%22%3A%5B%7B%22regionId%22%3A7794%2C%22regionType%22%3A6%7D%5D%2C%22isMapVisible%22%3Atrue%2C%22filterState%22%3A%7B%22fore%22%3A%7B%22value%22%3Afalse%7D%2C%22ah%22%3A%7B%22value%22%3Atrue%7D%2C%22sort%22%3A%7B%22value%22%3A%22days%22%7D%2C%22auc%22%3A%7B%22value%22%3Afalse%7D%2C%22nc%22%3A%7B%22value%22%3Afalse%7D%2C%22rs%22%3A%7B%22value%22%3Atrue%7D%2C%22fsbo%22%3A%7B%22value%22%3Afalse%7D%2C%22cmsn%22%3A%7B%22value%22%3Afalse%7D%2C%22fsba%22%3A%7B%22value%22%3Afalse%7D%7D%2C%22isListVisible%22%3Atrue%7D,,https://www.zillow.com/homedetails/2200-N-64th-St-Wauwatosa-WI-53213/110756844_zpid/,": $405,000","2200 N 64th St, Wauwatosa, WI 53213",4 bd,null,null,"Sold: $405,000Sold on 09/02/22Zestimate®: $467,600"
1680471080-117,https://www.zillow.com/wauwatosa-wi/sold/3_p/?searchQueryState=%7B%22pagination%22%3A%7B%22currentPage%22%3A3%7D%2C%22mapBounds%22%3A%7B%22west%22%3A-88.03361892700195%2C%22east%22%3A-87.9759407043457%2C%22south%22%3A43.04602857339023%2C%22north%22%3A43.06264859104245%7D%2C%22mapZoom%22%3A14%2C%22regionSelection%22%3A%5B%7B%22regionId%22%3A7794%2C%22regionType%22%3A6%7D%5D%2C%22isMapVisible%22%3Atrue%2C%22filterState%22%3A%7B%22fore%22%3A%7B%22value%22%3Afalse%7D%2C%22ah%22%3A%7B%22value%22%3Atrue%7D%2C%22sort%22%3A%7B%22value%22%3A%22days%22%7D%2C%22auc%22%3A%7B%22value%22%3Afalse%7D%2C%22nc%22%3A%7B%22value%22%3Afalse%7D%2C%22rs%22%3A%7B%22value%22%3Atrue%7D%2C%22fsbo%22%3A%7B%22value%22%3Afalse%7D%2C%22cmsn%22%3A%7B%22value%22%3Afalse%7D%2C%22fsba%22%3A%7B%22value%22%3Afalse%7D%7D%2C%22isListVisible%22%3Atrue%7D,,https://www.zillow.com/homedetails/2376-N-62nd-St-Wauwatosa-WI-53213/110726249_zpid/,": $310,000","2376 North 62nd St, Wauwatosa, WI 53213",5 bd,2 ba,"1,753 sqft","Sold: $310,000Sold on 09/02/22Zestimate®: $322,800"
1680471086-118,https://www.zillow.com/wauwatosa-wi/sold/3_p/?searchQueryState=%7B%22pagination%22%3A%7B%22currentPage%22%3A3%7D%2C%22mapBounds%22%3A%7B%22west%22%3A-88.03361892700195%2C%22east%22%3A-87.9759407043457%2C%22south%22%3A43.04602857339023%2C%22north%22%3A43.06264859104245%7D%2C%22mapZoom%22%3A14%2C%22regionSelection%22%3A%5B%7B%22regionId%22%3A7794%2C%22regionType%22%3A6%7D%5D%2C%22isMapVisible%22%3Atrue%2C%22filterState%22%3A%7B%22fore%22%3A%7B%22value%22%3Afalse%7D%2C%22ah%22%3A%7B%22value%22%3Atrue%7D%2C%22sort%22%3A%7B%22value%22%3A%22days%22%7D%2C%22auc%22%3A%7B%22value%22%3Afalse%7D%2C%22nc%22%3A%7B%22value%22%3Afalse%7D%2C%22rs%22%3A%7B%22value%22%3Atrue%7D%2C%22fsbo%22%3A%7B%22value%22%3Afalse%7D%2C%22cmsn%22%3A%7B%22value%22%3Afalse%7D%2C%22fsba%22%3A%7B%22value%22%3Afalse%7D%7D%2C%22isListVisible%22%3Atrue%7D,,https://www.zillow.com/homedetails/2016-N-85th-St-Wauwatosa-WI-53226/110737025_zpid/,": $340,000","2016 North 85th St, Wauwatosa, WI 53226",3 bd,1 ba,"1,456 sqft","Sold: $340,000Sold on 09/06/22Zestimate®: $355,400"
1680471093-119,https://www.zillow.com/wauwatosa-wi/sold/3_p/?searchQueryState=%7B%22pagination%22%3A%7B%22currentPage%22%3A3%7D%2C%22mapBounds%22%3A%7B%22west%22%3A-88.03361892700195%2C%22east%22%3A-87.9759407043457%2C%22south%22%3A43.04602857339023%2C%22north%22%3A43.06264859104245%7D%2C%22mapZoom%22%3A14%2C%22regionSelection%22%3A%5B%7B%22regionId%22%3A7794%2C%22regionType%22%3A6%7D%5D%2C%22isMapVisible%22%3Atrue%2C%22filterState%22%3A%7B%22fore%22%3A%7B%22value%22%3Afalse%7D%2C%22ah%22%3A%7B%22value%22%3Atrue%7D%2C%22sort%22%3A%7B%22value%22%3A%22days%22%7D%2C%22auc%22%3A%7B%22value%22%3Afalse%7D%2C%22nc%22%3A%7B%22value%22%3Afalse%7D%2C%22rs%22%3A%7B%22value%22%3Atrue%7D%2C%22fsbo%22%3A%7B%22value%22%3Afalse%7D%2C%22cmsn%22%3A%7B%22value%22%3Afalse%7D%2C%22fsba%22%3A%7B%22value%22%3Afalse%7D%7D%2C%22isListVisible%22%3Atrue%7D,,https://www.zillow.com/homedetails/1621-Church-St-Wauwatosa-WI-53213/110729526_zpid/,": $827,100","1621 Church St, Wauwatosa, WI 53213",5 bd,3 ba,"2,882 sqft","Sold: $827,100Sold on 09/06/22Zestimate®: $727,400"
1680471099-120,https://www.zillow.com/wauwatosa-wi/sold/3_p/?searchQueryState=%7B%22pagination%22%3A%7B%22currentPage%22%3A3%7D%2C%22mapBounds%22%3A%7B%22west%22%3A-88.03361892700195%2C%22east%22%3A-87.9759407043457%2C%22south%22%3A43.04602857339023%2C%22north%22%3A43.06264859104245%7D%2C%22mapZoom%22%3A14%2C%22regionSelection%22%3A%5B%7B%22regionId%22%3A7794%2C%22regionType%22%3A6%7D%5D%2C%22isMapVisible%22%3Atrue%2C%22filterState%22%3A%7B%22fore%22%3A%7B%22value%22%3Afalse%7D%2C%22ah%22%3A%7B%22value%22%3Atrue%7D%2C%22sort%22%3A%7B%22value%22%3A%22days%22%7D%2C%22auc%22%3A%7B%22value%22%3Afalse%7D%2C%22nc%22%3A%7B%22value%22%3Afalse%7D%2C%22rs%22%3A%7B%22value%22%3Atrue%7D%2C%22fsbo%22%3A%7B%22value%22%3Afalse%7D%2C%22cmsn%22%3A%7B%22value%22%3Afalse%7D%2C%22fsba%22%3A%7B%22value%22%3Afalse%7D%7D%2C%22isListVisible%22%3Atrue%7D,,https://www.zillow.com/homedetails/1731-Alta-Vista-Ave-Wauwatosa-WI-53213/110711461_zpid/,": $540,000","1731 Alta Vista Ave, Wauwatosa, WI 53213",3 bd,2 ba,"1,972 sqft","Sold: $540,000Sold on 09/06/22Zestimate®: $564,600"
1680471105-121,https://www.zillow.com/wauwatosa-wi/sold/3_p/?searchQueryState=%7B%22pagination%22%3A%7B%22currentPage%22%3A3%7D%2C%22mapBounds%22%3A%7B%22west%22%3A-88.03361892700195%2C%22east%22%3A-87.9759407043457%2C%22south%22%3A43.04602857339023%2C%22north%22%3A43.06264859104245%7D%2C%22mapZoom%22%3A14%2C%22regionSelection%22%3A%5B%7B%22regionId%22%3A7794%2C%22regionType%22%3A6%7D%5D%2C%22isMapVisible%22%3Atrue%2C%22filterState%22%3A%7B%22fore%22%3A%7B%22value%22%3Afalse%7D%2C%22ah%22%3A%7B%22value%22%3Atrue%7D%2C%22sort%22%3A%7B%22value%22%3A%22days%22%7D%2C%22auc%22%3A%7B%22value%22%3Afalse%7D%2C%22nc%22%3A%7B%22value%22%3Afalse%7D%2C%22rs%22%3A%7B%22value%22%3Atrue%7D%2C%22fsbo%22%3A%7B%22value%22%3Afalse%7D%2C%22cmsn%22%3A%7B%22value%22%3Afalse%7D%2C%22fsba%22%3A%7B%22value%22%3Afalse%7D%7D%2C%22isListVisible%22%3Atrue%7D,,https://www.zillow.com/homedetails/1205-Elm-Lawn-St-Wauwatosa-WI-53213/108242860_zpid/,": $305,100","1205 Elm Lawn St, Wauwatosa, WI 53213",3 bd,2 ba,"1,647 sqft","Sold: $305,100Sold on 09/07/22Zestimate®: $317,700"
1680471110-122,https://www.zillow.com/wauwatosa-wi/sold/3_p/?searchQueryState=%7B%22pagination%22%3A%7B%22currentPage%22%3A3%7D%2C%22mapBounds%22%3A%7B%22west%22%3A-88.03361892700195%2C%22east%22%3A-87.9759407043457%2C%22south%22%3A43.04602857339023%2C%22north%22%3A43.06264859104245%7D%2C%22mapZoom%22%3A14%2C%22regionSelection%22%3A%5B%7B%22regionId%22%3A7794%2C%22regionType%22%3A6%7D%5D%2C%22isMapVisible%22%3Atrue%2C%22filterState%22%3A%7B%22fore%22%3A%7B%22value%22%3Afalse%7D%2C%22ah%22%3A%7B%22value%22%3Atrue%7D%2C%22sort%22%3A%7B%22value%22%3A%22days%22%7D%2C%22auc%22%3A%7B%22value%22%3Afalse%7D%2C%22nc%22%3A%7B%22value%22%3Afalse%7D%2C%22rs%22%3A%7B%22value%22%3Atrue%7D%2C%22fsbo%22%3A%7B%22value%22%3Afalse%7D%2C%22cmsn%22%3A%7B%22value%22%3Afalse%7D%2C%22fsba%22%3A%7B%22value%22%3Afalse%7D%7D%2C%22isListVisible%22%3Atrue%7D,,https://www.zillow.com/homedetails/2203-N-68th-St-Wauwatosa-WI-53213/110728547_zpid/,": $415,000","2203 North 68th St, Wauwatosa, WI 53213",3 bd,2 ba,"2,009 sqft","Sold: $415,000Sold on 09/08/22Zestimate®: $432,100"
1680471116-123,https://www.zillow.com/wauwatosa-wi/sold/3_p/?searchQueryState=%7B%22pagination%22%3A%7B%22currentPage%22%3A3%7D%2C%22mapBounds%22%3A%7B%22west%22%3A-88.03361892700195%2C%22east%22%3A-87.9759407043457%2C%22south%22%3A43.04602857339023%2C%22north%22%3A43.06264859104245%7D%2C%22mapZoom%22%3A14%2C%22regionSelection%22%3A%5B%7B%22regionId%22%3A7794%2C%22regionType%22%3A6%7D%5D%2C%22isMapVisible%22%3Atrue%2C%22filterState%22%3A%7B%22fore%22%3A%7B%22value%22%3Afalse%7D%2C%22ah%22%3A%7B%22value%22%3Atrue%7D%2C%22sort%22%3A%7B%22value%22%3A%22days%22%7D%2C%22auc%22%3A%7B%22value%22%3Afalse%7D%2C%22nc%22%3A%7B%22value%22%3Afalse%7D%2C%22rs%22%3A%7B%22value%22%3Atrue%7D%2C%22fsbo%22%3A%7B%22value%22%3Afalse%7D%2C%22cmsn%22%3A%7B%22value%22%3Afalse%7D%2C%22fsba%22%3A%7B%22value%22%3Afalse%7D%7D%2C%22isListVisible%22%3Atrue%7D,,https://www.zillow.com/homedetails/1439-Saint-Charles-St-Wauwatosa-WI-53213/110710454_zpid/,": $272,000","1439 St Charles St, Wauwatosa, WI 53213",2 bd,1 ba,"1,463 sqft","Sold: $272,000Sold on 09/08/22Zestimate®: $283,200"
